charge_id_pk,product_instance_id_fk,charge_counter,date,cost,event_type
1,97,1,2020-09-01 05:11 AM,85,True
2,300,1,2020-09-01 07:34 AM,100,True
3,445,1,2020-08-01 07:59 AM,35,True
4,743,1,2020-12-01 10:51 AM,35,True
5,116,1,2020-04-01 11:38 AM,50,True
6,214,1,2020-01-01 01:39 PM,85,True
7,334,1,2020-10-01 01:53 PM,35,True
8,52,1,2020-05-01 05:48 PM,85,True
9,385,1,2020-01-01 11:33 PM,35,True
10,427,1,2020-11-01 11:58 PM,50,True
11,830,1,2021-11-01 01:14 AM,30,True
12,832,1,2021-06-01 01:50 AM,90,True
13,561,1,2021-07-01 03:40 AM,5,False
14,422,1,2021-02-01 04:30 AM,35,True
15,154,1,2021-11-01 07:51 AM,85,True
16,147,1,2021-04-01 12:08 AM,35,True
17,616,1,2021-01-01 06:43 PM,50,True
18,68,1,2021-05-01 10:06 PM,35,True
19,321,1,2021-01-01 10:15 PM,8,True
20,184,1,2020-06-02 02:51 AM,20,False
21,989,1,2020-08-02 06:18 AM,85,True
22,505,1,2020-12-02 06:22 AM,8,True
23,34,1,2020-02-02 10:52 AM,35,True
24,730,1,2020-10-02 12:14 AM,30,True
25,416,1,2020-01-02 02:17 PM,90,True
26,816,1,2020-12-02 02:40 PM,90,True
27,702,1,2020-05-02 04:15 PM,8,True
28,551,1,2020-01-02 04:17 PM,35,True
29,54,1,2020-12-02 05:44 PM,85,True
30,983,1,2020-07-02 06:21 PM,35,True
31,72,1,2020-03-02 07:14 PM,50,True
32,926,1,2020-09-02 07:14 PM,50,True
33,415,1,2020-09-02 11:16 PM,35,True
34,933,1,2020-01-02 11:33 PM,8,True
35,330,1,2020-09-02 12:23 PM,100,True
36,838,1,2021-12-02 01:59 AM,10,False
37,228,1,2021-07-02 02:08 AM,35,True
38,739,1,2021-06-02 02:17 AM,35,True
39,36,1,2021-08-02 02:19 AM,35,True
40,923,1,2021-11-02 03:34 AM,50,True
41,408,1,2021-08-02 03:37 AM,50,True
42,519,1,2021-05-02 03:45 AM,50,True
43,32,1,2021-06-02 04:37 AM,35,True
44,899,1,2021-03-02 06:06 AM,50,True
45,637,1,2021-08-02 06:10 AM,90,True
46,923,2,2021-03-02 06:47 AM,50,True
47,798,1,2021-09-02 09:11 AM,10,False
48,390,1,2021-09-02 12:11 AM,35,True
49,343,1,2021-04-02 12:56 AM,50,True
50,244,1,2021-01-02 03:43 PM,30,True
51,586,1,2021-07-02 06:57 PM,35,True
52,545,1,2021-11-02 07:07 PM,35,True
53,453,1,2021-09-02 07:34 PM,90,True
54,967,1,2021-07-02 08:09 PM,85,True
55,916,1,2021-04-02 09:31 PM,15,True
56,214,2,2021-12-02 09:47 PM,85,True
57,448,1,2021-07-02 11:39 PM,30,False
58,423,1,2021-03-02 11:50 PM,100,True
59,308,1,2021-11-02 12:38 PM,35,True
60,952,1,2020-10-03 05:56 AM,10,True
61,380,1,2020-09-03 07:10 AM,90,True
62,424,1,2020-12-03 08:02 AM,35,True
63,727,1,2020-11-03 09:25 AM,30,True
64,824,1,2020-01-03 09:36 AM,50,True
65,373,1,2020-08-03 11:10 AM,50,True
66,444,1,2020-11-03 11:43 AM,30,False
67,495,1,2020-07-03 12:56 AM,90,True
68,954,1,2020-01-03 02:15 PM,35,True
69,105,1,2020-11-03 04:19 PM,85,True
70,434,1,2020-01-03 08:47 PM,100,True
71,57,1,2020-09-03 10:10 PM,30,True
72,848,1,2020-07-03 12:13 PM,50,True
73,681,1,2021-10-03 09:46 AM,35,True
74,462,1,2021-05-03 09:47 AM,50,True
75,162,1,2021-09-03 11:38 AM,35,True
76,407,1,2021-09-03 12:16 AM,8,True
77,265,1,2021-08-03 12:41 AM,90,True
78,117,1,2021-09-03 12:53 AM,50,False
79,106,1,2021-08-03 12:54 AM,50,False
80,21,1,2021-09-03 01:06 PM,30,True
81,417,1,2021-11-03 01:21 PM,35,True
82,900,1,2021-08-03 04:21 PM,20,False
83,757,1,2021-10-03 05:36 PM,35,True
84,417,2,2021-09-03 05:43 PM,35,True
85,696,1,2021-12-03 10:47 PM,35,True
86,53,1,2021-01-03 12:38 PM,35,True
87,578,1,2020-11-04 02:58 AM,50,True
88,799,1,2020-11-04 03:55 AM,35,True
89,662,1,2020-09-04 05:02 AM,100,True
90,714,1,2020-07-04 09:35 AM,20,False
91,540,1,2020-09-04 11:22 AM,50,False
92,691,1,2020-07-04 06:08 PM,85,True
93,481,1,2020-12-04 06:35 PM,30,False
94,439,1,2020-12-04 10:29 PM,30,True
95,182,1,2020-04-04 10:47 PM,35,True
96,323,1,2021-04-04 01:00 AM,30,True
97,968,1,2021-02-04 02:03 AM,90,True
98,38,1,2021-09-04 02:51 AM,35,True
99,334,2,2021-10-04 02:58 AM,35,True
100,784,1,2021-05-04 04:13 AM,50,False
101,149,1,2021-06-04 05:58 AM,35,True
102,476,1,2021-05-04 06:12 AM,30,False
103,844,1,2021-09-04 06:33 AM,30,True
104,698,1,2021-11-04 07:49 AM,50,False
105,550,1,2021-07-04 11:21 AM,35,True
106,232,1,2021-04-04 01:35 PM,90,True
107,281,1,2021-12-04 05:42 PM,85,True
108,691,2,2021-03-04 05:43 PM,85,True
109,598,1,2021-03-04 05:58 PM,100,True
110,501,1,2021-01-04 06:54 PM,90,True
111,203,1,2021-07-04 07:15 PM,85,True
112,410,1,2021-03-04 07:28 PM,90,True
113,249,1,2021-06-04 07:35 PM,5,False
114,477,1,2021-06-04 08:54 PM,8,True
115,963,1,2021-09-04 09:28 PM,90,True
116,614,1,2021-11-04 09:52 PM,90,True
117,805,1,2021-12-04 10:47 PM,20,False
118,172,1,2021-05-04 11:30 PM,15,True
119,628,1,2020-05-05 02:11 AM,90,True
120,164,1,2020-11-05 02:41 AM,35,True
121,145,1,2020-05-05 06:39 AM,30,True
122,673,1,2020-10-05 07:00 AM,100,True
123,283,1,2020-02-05 07:42 AM,35,True
124,430,1,2020-01-05 08:18 AM,50,True
125,30,1,2020-03-05 08:32 AM,50,True
126,650,1,2020-12-05 10:23 AM,35,True
127,449,1,2020-03-05 01:45 PM,35,True
128,25,1,2020-02-05 02:46 PM,35,True
129,171,1,2020-08-05 06:51 PM,85,True
130,357,1,2020-05-05 07:07 PM,30,True
131,953,1,2020-09-05 08:37 PM,10,True
132,597,1,2020-06-05 09:27 PM,20,False
133,221,1,2020-02-05 09:35 PM,85,True
134,383,1,2020-01-05 09:41 PM,90,True
135,557,1,2020-05-05 11:09 PM,50,True
136,80,1,2020-01-05 12:24 PM,30,True
137,117,2,2021-10-05 01:00 AM,50,False
138,210,1,2021-11-05 03:31 AM,35,True
139,906,1,2021-01-05 06:00 AM,85,True
140,907,1,2021-10-05 10:59 AM,35,True
141,980,1,2021-07-05 01:16 PM,15,True
142,350,1,2021-07-05 06:44 PM,85,True
143,640,1,2021-05-05 07:01 PM,90,True
144,220,1,2021-04-05 12:05 PM,85,True
145,918,1,2020-04-06 02:21 AM,90,True
146,933,2,2020-05-06 03:30 AM,8,True
147,813,1,2020-11-06 03:35 AM,8,True
148,194,1,2020-03-06 06:36 AM,100,True
149,807,1,2020-08-06 07:54 AM,100,True
150,293,1,2020-08-06 12:04 AM,8,True
151,585,1,2020-04-06 01:22 PM,35,True
152,498,1,2020-12-06 02:02 PM,30,True
153,637,2,2020-03-06 04:45 PM,90,True
154,504,1,2020-02-06 04:59 PM,100,True
155,915,1,2020-03-06 07:05 PM,35,True
156,269,1,2020-09-06 07:30 PM,100,True
157,612,1,2020-01-06 07:35 PM,30,True
158,592,1,2020-11-06 07:52 PM,35,True
159,240,1,2020-01-06 08:28 PM,50,True
160,502,1,2020-11-06 08:40 PM,30,False
161,709,1,2020-04-06 08:52 PM,20,False
162,320,1,2021-08-06 02:17 AM,90,True
163,596,1,2021-12-06 02:24 AM,8,True
164,529,1,2021-05-06 05:30 AM,15,True
165,832,2,2021-05-06 07:32 AM,90,True
166,794,1,2021-01-06 09:34 AM,10,True
167,341,1,2021-07-06 12:26 AM,85,True
168,13,1,2021-05-06 07:40 PM,35,True
169,393,1,2021-02-06 08:32 PM,50,True
170,959,1,2021-02-06 08:51 PM,85,True
171,784,2,2021-07-06 09:32 PM,50,False
172,955,1,2021-06-06 11:37 PM,15,True
173,102,1,2020-05-07 01:12 AM,100,True
174,940,1,2020-06-07 01:31 AM,90,True
175,649,1,2020-01-07 02:26 AM,35,True
176,362,1,2020-05-07 03:13 AM,30,True
177,315,1,2020-10-07 06:04 AM,10,True
178,138,1,2020-07-07 06:09 AM,90,True
179,216,1,2020-09-07 06:58 AM,35,True
180,997,1,2020-10-07 07:27 AM,50,True
181,743,2,2020-07-07 08:42 AM,35,True
182,614,2,2020-08-07 10:31 AM,90,True
183,499,1,2020-07-07 12:15 AM,35,True
184,868,1,2020-12-07 02:51 PM,30,True
185,705,1,2020-10-07 07:37 PM,8,True
186,597,2,2020-07-07 10:56 PM,20,False
187,978,1,2020-07-07 11:32 PM,90,True
188,571,1,2020-10-07 12:41 PM,8,True
189,224,1,2021-04-07 02:39 AM,90,True
190,39,1,2021-06-07 03:51 AM,90,True
191,28,1,2021-10-07 04:17 AM,50,True
192,555,1,2021-12-07 05:18 AM,50,True
193,499,2,2021-11-07 06:29 AM,35,True
194,800,1,2021-08-07 10:27 AM,35,True
195,940,2,2021-09-07 10:39 AM,90,True
196,445,2,2021-01-07 11:31 AM,35,True
197,756,1,2021-10-07 11:44 AM,30,True
198,944,1,2021-12-07 11:48 AM,50,True
199,331,1,2021-11-07 11:52 AM,35,True
200,459,1,2021-12-07 04:44 PM,85,True
201,599,1,2021-10-07 05:33 PM,10,False
202,630,1,2021-04-07 06:00 PM,50,True
203,438,1,2021-05-07 09:35 PM,50,True
204,237,1,2021-07-07 10:08 PM,100,True
205,848,2,2021-11-07 12:31 PM,50,True
206,498,2,2021-10-07 12:39 PM,30,True
207,553,1,2021-11-07 12:51 PM,50,True
208,687,1,2020-05-08 01:01 AM,30,False
209,457,1,2020-04-08 02:12 AM,50,True
210,435,1,2020-12-08 05:27 AM,50,True
211,640,2,2020-03-08 10:24 AM,90,True
212,50,1,2020-12-08 11:26 AM,35,True
213,464,1,2020-05-08 01:33 PM,100,True
214,183,1,2020-12-08 01:49 PM,50,False
215,19,1,2020-04-08 04:21 PM,30,False
216,413,1,2020-08-08 05:28 PM,35,True
217,190,1,2020-06-08 06:31 PM,35,True
218,716,1,2020-12-08 06:57 PM,90,True
219,865,1,2020-05-08 09:19 PM,10,True
220,115,1,2020-09-08 09:26 PM,35,True
221,236,1,2020-12-08 12:48 PM,100,True
222,964,1,2021-12-08 01:46 AM,90,True
223,221,2,2021-05-08 02:26 AM,85,True
224,122,1,2021-08-08 02:52 AM,100,True
225,593,1,2021-11-08 04:22 AM,35,True
226,21,2,2021-01-08 08:11 AM,30,True
227,32,2,2021-12-08 08:49 AM,35,True
228,397,1,2021-01-08 08:59 AM,30,False
229,670,1,2021-02-08 09:45 AM,30,False
230,100,1,2021-09-08 10:00 AM,85,True
231,316,1,2021-05-08 11:34 AM,90,True
232,969,1,2021-07-08 01:17 PM,100,True
233,706,1,2021-09-08 02:45 PM,35,True
234,375,1,2021-04-08 06:59 PM,85,True
235,822,1,2021-02-08 07:24 PM,85,True
236,988,1,2021-02-08 07:58 PM,50,True
237,218,1,2021-06-08 08:08 PM,30,True
238,148,1,2021-05-08 08:15 PM,85,True
239,118,1,2021-07-08 08:24 PM,100,True
240,907,2,2021-04-08 10:51 PM,35,True
241,488,1,2021-07-08 11:13 PM,85,True
242,191,1,2021-10-08 11:36 PM,35,True
243,209,1,2021-02-08 12:48 PM,35,True
244,712,1,2021-03-08 12:53 PM,85,True
245,23,1,2020-05-09 01:17 AM,100,True
246,480,1,2020-04-09 02:18 AM,50,True
247,613,1,2020-08-09 03:26 AM,2,False
248,665,1,2020-03-09 04:16 AM,90,True
249,249,2,2020-10-09 04:24 AM,5,False
250,2,1,2020-02-09 05:28 AM,90,True
251,838,2,2020-06-09 05:44 AM,10,False
252,174,1,2020-01-09 10:19 AM,30,False
253,918,2,2020-12-09 10:55 AM,90,True
254,706,2,2020-12-09 11:17 AM,35,True
255,755,1,2020-07-09 12:06 AM,35,True
256,104,1,2020-07-09 02:15 PM,30,True
257,73,1,2020-05-09 02:25 PM,90,True
258,910,1,2020-12-09 03:01 PM,15,True
259,971,1,2020-11-09 03:08 PM,35,True
260,575,1,2020-09-09 03:59 PM,35,True
261,984,1,2020-03-09 04:33 PM,35,True
262,791,1,2020-11-09 05:04 PM,85,True
263,5,1,2020-12-09 05:30 PM,30,False
264,510,1,2020-11-09 05:38 PM,50,True
265,998,1,2020-05-09 05:53 PM,85,True
266,468,1,2020-06-09 06:09 PM,35,True
267,807,2,2020-12-09 08:16 PM,100,True
268,55,1,2020-05-09 08:57 PM,35,True
269,785,1,2020-08-09 09:36 PM,50,True
270,307,1,2020-10-09 10:57 PM,90,True
271,38,2,2020-01-09 11:12 PM,35,True
272,675,1,2021-09-09 02:42 AM,90,True
273,535,1,2021-04-09 03:51 AM,85,True
274,789,1,2021-05-09 06:30 AM,35,True
275,649,2,2021-02-09 07:23 AM,35,True
276,24,1,2021-10-09 09:52 AM,35,True
277,871,1,2021-07-09 10:05 AM,15,True
278,755,2,2021-10-09 01:48 PM,35,True
279,714,2,2021-01-09 02:28 PM,20,False
280,395,1,2021-05-09 03:04 PM,50,True
281,667,1,2021-03-09 04:31 PM,10,True
282,983,2,2021-09-09 05:09 PM,35,True
283,511,1,2021-12-09 11:13 PM,20,False
284,400,1,2020-05-10 01:52 AM,35,True
285,373,2,2020-10-10 02:10 AM,50,True
286,361,1,2020-04-10 09:33 AM,100,True
287,632,1,2020-01-10 10:21 AM,30,True
288,194,2,2020-08-10 12:39 AM,100,True
289,792,1,2020-06-10 01:44 PM,50,True
290,240,2,2020-04-10 02:14 PM,50,True
291,566,1,2020-07-10 02:33 PM,85,True
292,470,1,2020-01-10 05:40 PM,30,True
293,417,3,2020-09-10 09:39 PM,35,True
294,891,1,2021-07-10 01:03 AM,2,False
295,544,1,2021-10-10 01:22 AM,50,True
296,50,2,2021-05-10 01:56 AM,35,True
297,282,1,2021-06-10 02:05 AM,30,True
298,950,1,2021-10-10 04:16 AM,10,True
299,599,2,2021-05-10 04:27 AM,10,False
300,204,1,2021-10-10 04:32 AM,90,True
301,982,1,2021-10-10 10:40 AM,30,False
302,573,1,2021-02-10 01:30 PM,8,True
303,166,1,2021-10-10 01:51 PM,35,True
304,477,2,2021-06-10 02:21 PM,8,True
305,551,2,2021-09-10 05:41 PM,35,True
306,542,1,2021-07-10 08:14 PM,35,True
307,435,2,2021-11-10 08:37 PM,50,True
308,958,1,2021-01-10 10:01 PM,85,True
309,540,2,2021-10-10 10:32 PM,50,False
310,716,2,2020-05-11 01:19 AM,90,True
311,924,1,2020-01-11 03:00 AM,8,True
312,738,1,2020-06-11 04:29 AM,8,True
313,384,1,2020-11-11 06:55 AM,50,False
314,656,1,2020-06-11 07:14 AM,30,False
315,942,1,2020-07-11 07:34 AM,35,True
316,503,1,2020-05-11 09:57 AM,20,False
317,60,1,2020-07-11 11:46 AM,50,True
318,845,1,2020-04-11 12:36 AM,30,True
319,327,1,2020-04-11 12:52 AM,20,False
320,957,1,2020-12-11 01:15 PM,35,True
321,821,1,2020-01-11 01:56 PM,50,True
322,642,1,2020-11-11 03:02 PM,35,True
323,655,1,2020-09-11 04:40 PM,100,True
324,138,2,2020-02-11 05:30 PM,90,True
325,697,1,2020-05-11 06:55 PM,8,True
326,824,2,2020-11-11 07:17 PM,50,True
327,627,1,2020-11-11 10:27 PM,50,True
328,101,1,2020-05-11 12:54 PM,90,True
329,304,1,2020-10-11 12:54 PM,35,True
330,11,1,2021-04-11 01:53 AM,35,True
331,885,1,2021-04-11 03:05 AM,100,True
332,871,2,2021-04-11 03:09 AM,15,True
333,183,2,2021-08-11 03:30 AM,50,False
334,770,1,2021-11-11 05:18 AM,2,False
335,2,2,2021-04-11 06:33 AM,90,True
336,555,2,2021-08-11 06:50 AM,50,True
337,458,1,2021-01-11 08:47 AM,85,True
338,75,1,2021-06-11 09:34 AM,85,True
339,779,1,2021-11-11 12:46 AM,35,True
340,860,1,2021-02-11 03:36 PM,30,True
341,104,2,2021-05-11 05:10 PM,30,True
342,88,1,2021-12-11 05:49 PM,30,True
343,284,1,2021-05-11 10:17 PM,35,True
344,447,1,2021-10-11 11:38 PM,10,True
345,441,1,2020-02-12 02:33 AM,85,True
346,686,1,2020-11-12 07:31 AM,50,True
347,76,1,2020-06-12 09:28 AM,90,True
348,698,2,2020-02-12 10:18 AM,50,False
349,172,2,2020-12-12 10:41 AM,15,True
350,491,1,2020-01-12 02:19 PM,35,True
351,278,1,2020-10-12 03:33 PM,50,False
352,217,1,2020-03-12 09:56 PM,100,True
353,849,1,2020-01-12 10:04 PM,10,True
354,386,1,2020-06-12 11:29 PM,85,True
355,434,2,2020-05-12 11:53 PM,100,True
356,904,1,2021-12-12 01:20 AM,85,True
357,582,1,2021-09-12 01:22 AM,50,False
358,396,1,2021-10-12 04:04 AM,100,True
359,589,1,2021-08-12 05:44 AM,30,False
360,71,1,2021-09-12 07:49 AM,85,True
361,178,1,2021-03-12 08:19 AM,90,True
362,619,1,2021-06-12 12:36 AM,100,True
363,216,2,2021-07-12 02:54 PM,35,True
364,185,1,2021-05-12 04:49 PM,85,True
365,697,2,2021-03-12 06:51 PM,8,True
366,703,1,2021-05-12 07:06 PM,50,False
367,482,1,2021-03-12 10:53 PM,100,True
368,192,1,2020-05-13 02:11 AM,35,True
369,212,1,2020-05-13 02:35 AM,100,True
370,412,1,2020-12-13 03:23 AM,85,True
371,150,1,2020-12-13 03:41 AM,100,True
372,739,2,2020-09-13 05:02 AM,35,True
373,916,2,2020-07-13 07:47 AM,15,True
374,320,2,2020-09-13 09:40 AM,90,True
375,99,1,2020-04-13 09:57 AM,50,True
376,891,2,2020-12-13 10:20 AM,2,False
377,771,1,2020-07-13 11:29 AM,85,True
378,252,1,2020-07-13 11:31 AM,35,True
379,59,1,2020-09-13 01:19 PM,50,False
380,217,2,2020-04-13 01:41 PM,100,True
381,826,1,2020-07-13 01:45 PM,15,True
382,231,1,2020-07-13 02:14 PM,100,True
383,412,2,2020-09-13 05:01 PM,85,True
384,399,1,2021-06-13 03:16 AM,100,True
385,202,1,2021-09-13 03:55 AM,35,True
386,627,2,2021-11-13 03:58 AM,50,True
387,697,3,2021-01-13 04:55 AM,8,True
388,506,1,2021-01-13 07:06 AM,50,True
389,861,1,2021-11-13 10:40 AM,35,True
390,917,1,2021-06-13 10:44 AM,35,True
391,875,1,2021-09-13 12:57 AM,35,True
392,910,2,2021-09-13 04:09 PM,15,True
393,92,1,2021-07-13 05:38 PM,85,True
394,404,1,2021-02-13 06:12 PM,20,False
395,994,1,2021-01-13 07:15 PM,85,True
396,352,1,2021-06-13 08:11 PM,50,True
397,120,1,2021-11-13 08:51 PM,90,True
398,178,2,2021-06-13 09:37 PM,90,True
399,807,3,2021-09-13 12:13 PM,100,True
400,545,2,2021-01-13 12:39 PM,35,True
401,730,2,2020-10-14 02:02 AM,30,True
402,661,1,2020-05-14 02:44 AM,30,True
403,191,2,2020-09-14 03:08 AM,35,True
404,571,2,2020-04-14 05:27 AM,8,True
405,476,2,2020-06-14 08:23 AM,30,False
406,796,1,2020-02-14 09:09 AM,30,False
407,484,1,2020-02-14 10:28 AM,35,True
408,658,1,2020-02-14 12:02 AM,35,True
409,235,1,2020-12-14 12:37 AM,35,True
410,581,1,2020-07-14 05:12 PM,50,False
411,442,1,2020-07-14 07:08 PM,35,True
412,875,2,2020-10-14 07:41 PM,35,True
413,168,1,2020-05-14 09:12 PM,85,True
414,25,2,2020-07-14 09:22 PM,35,True
415,739,3,2021-01-14 01:16 AM,35,True
416,905,1,2021-11-14 01:49 AM,50,True
417,151,1,2021-03-14 02:37 AM,90,True
418,38,3,2021-08-14 04:09 AM,35,True
419,575,2,2021-09-14 04:44 AM,35,True
420,620,1,2021-06-14 04:55 AM,30,False
421,156,1,2021-03-14 06:51 AM,50,True
422,215,1,2021-04-14 07:22 AM,8,True
423,348,1,2021-02-14 08:47 AM,50,True
424,834,1,2021-06-14 10:53 AM,35,True
425,527,1,2021-05-14 11:17 AM,90,True
426,381,1,2021-10-14 11:20 AM,100,True
427,17,1,2021-03-14 11:44 AM,35,True
428,679,1,2021-05-14 01:30 PM,8,True
429,53,2,2021-06-14 03:38 PM,35,True
430,654,1,2021-12-14 08:26 PM,35,True
431,730,3,2021-10-14 08:31 PM,30,True
432,142,1,2021-04-14 09:27 PM,35,True
433,770,2,2021-07-14 09:47 PM,2,False
434,898,1,2021-10-14 11:47 PM,35,True
435,457,2,2020-01-15 05:12 AM,50,True
436,158,1,2020-11-15 11:04 AM,50,True
437,8,1,2020-05-15 02:04 PM,90,True
438,666,1,2020-12-15 03:19 PM,50,True
439,444,2,2020-11-15 03:22 PM,30,False
440,852,1,2020-03-15 03:32 PM,8,True
441,449,2,2020-09-15 03:32 PM,35,True
442,170,1,2020-11-15 03:41 PM,35,True
443,448,2,2020-10-15 03:47 PM,30,False
444,831,1,2020-05-15 04:28 PM,30,True
445,359,1,2020-09-15 04:37 PM,85,True
446,704,1,2020-11-15 05:36 PM,30,True
447,795,1,2020-02-15 06:14 PM,30,True
448,594,1,2020-11-15 07:07 PM,15,True
449,768,1,2020-04-15 10:12 PM,50,True
450,97,2,2020-10-15 10:40 PM,85,True
451,214,3,2020-02-15 10:51 PM,85,True
452,960,1,2020-08-15 10:54 PM,50,True
453,933,3,2020-05-15 11:04 PM,8,True
454,263,1,2020-04-15 12:44 PM,50,True
455,634,1,2021-09-15 04:21 AM,50,True
456,489,1,2021-07-15 05:12 AM,100,True
457,931,1,2021-07-15 05:54 AM,50,True
458,966,1,2021-05-15 06:40 AM,100,True
459,854,1,2021-09-15 06:45 AM,20,False
460,226,1,2021-03-15 07:08 AM,35,True
461,940,3,2021-06-15 09:18 AM,90,True
462,875,3,2021-04-15 10:04 AM,35,True
463,751,1,2021-06-15 10:27 AM,30,True
464,285,1,2021-02-15 01:46 PM,50,True
465,473,1,2021-11-15 02:05 PM,15,True
466,897,1,2021-03-15 03:07 PM,50,True
467,801,1,2021-02-15 04:38 PM,30,True
468,806,1,2021-12-15 06:26 PM,35,True
469,687,2,2021-03-15 06:27 PM,30,False
470,256,1,2021-05-15 09:44 PM,35,True
471,754,1,2021-06-15 12:52 PM,50,False
472,984,2,2020-12-16 02:15 AM,35,True
473,714,3,2020-07-16 07:18 AM,20,False
474,310,1,2020-03-16 10:18 AM,30,True
475,981,1,2020-08-16 11:33 AM,8,True
476,965,1,2020-06-16 12:17 AM,15,True
477,666,2,2020-07-16 03:45 PM,50,True
478,611,1,2020-03-16 05:14 PM,90,True
479,188,1,2020-04-16 05:26 PM,8,True
480,607,1,2020-08-16 05:31 PM,30,True
481,559,1,2020-12-16 06:01 PM,35,True
482,31,1,2020-05-16 07:28 PM,100,True
483,148,2,2020-03-16 12:11 PM,85,True
484,867,1,2021-10-16 01:23 AM,50,True
485,135,1,2021-03-16 05:23 AM,100,True
486,786,1,2021-07-16 07:44 AM,30,True
487,185,2,2021-04-16 08:50 AM,85,True
488,580,1,2021-08-16 09:44 AM,90,True
489,449,3,2021-10-16 10:04 AM,35,True
490,307,2,2021-09-16 10:58 AM,90,True
491,429,1,2021-08-16 11:55 AM,30,False
492,1,1,2021-03-16 01:09 PM,20,False
493,28,2,2021-08-16 01:50 PM,50,True
494,702,2,2021-01-16 02:15 PM,8,True
495,570,1,2021-06-16 02:19 PM,5,False
496,137,1,2021-01-16 03:20 PM,85,True
497,839,1,2021-01-16 03:45 PM,85,True
498,160,1,2021-02-16 04:07 PM,100,True
499,78,1,2021-09-16 06:02 PM,30,True
500,436,1,2021-11-16 08:11 PM,35,True
501,571,3,2021-10-16 08:57 PM,8,True
502,605,1,2021-07-16 10:21 PM,90,True
503,344,1,2020-03-17 02:06 AM,100,True
504,398,1,2020-06-17 03:41 AM,8,True
505,483,1,2020-06-17 04:28 AM,35,True
506,397,2,2020-08-17 04:33 AM,30,False
507,733,1,2020-08-17 08:46 AM,30,True
508,109,1,2020-08-17 09:05 AM,90,True
509,989,2,2020-08-17 09:37 AM,85,True
510,864,1,2020-11-17 12:20 AM,35,True
511,663,1,2020-10-17 12:46 AM,30,True
512,953,2,2020-04-17 04:49 PM,10,True
513,281,2,2020-12-17 06:06 PM,85,True
514,263,2,2020-03-17 06:08 PM,50,True
515,37,1,2020-09-17 07:22 PM,85,True
516,367,1,2020-09-17 08:08 PM,85,True
517,915,2,2020-07-17 09:15 PM,35,True
518,946,1,2020-10-17 10:03 PM,35,True
519,979,1,2020-10-17 11:53 PM,35,True
520,352,2,2021-05-17 03:38 AM,50,True
521,590,1,2021-09-17 07:43 AM,30,True
522,694,1,2021-04-17 08:58 AM,85,True
523,928,1,2021-12-17 11:59 AM,35,True
524,711,1,2021-04-17 02:04 PM,30,True
525,600,1,2021-02-17 02:48 PM,10,False
526,85,1,2021-11-17 05:00 PM,100,True
527,611,2,2021-11-17 09:08 PM,90,True
528,976,1,2021-07-17 09:08 PM,2,False
529,841,1,2021-05-17 09:59 PM,100,True
530,854,2,2021-04-17 10:31 PM,20,False
531,901,1,2021-12-17 11:29 PM,90,True
532,805,2,2020-12-18 01:22 AM,20,False
533,94,1,2020-07-18 02:13 AM,90,True
534,636,1,2020-06-18 03:05 AM,90,True
535,803,1,2020-06-18 04:33 AM,35,True
536,627,3,2020-09-18 05:23 AM,50,True
537,893,1,2020-04-18 05:55 AM,10,True
538,798,2,2020-04-18 06:39 AM,10,False
539,590,2,2020-01-18 09:06 AM,30,True
540,220,2,2020-07-18 11:01 AM,85,True
541,467,1,2020-02-18 11:11 AM,20,False
542,399,2,2020-12-18 11:58 AM,100,True
543,496,1,2020-10-18 12:35 AM,30,True
544,135,2,2020-01-18 12:41 AM,100,True
545,42,1,2020-12-18 12:43 AM,100,True
546,475,1,2020-10-18 03:57 PM,90,True
547,215,2,2020-04-18 03:57 PM,8,True
548,491,2,2020-08-18 06:22 PM,35,True
549,976,2,2020-06-18 06:44 PM,2,False
550,437,1,2020-05-18 07:00 PM,100,True
551,397,3,2020-08-18 08:12 PM,30,False
552,101,2,2020-02-18 09:03 PM,90,True
553,328,1,2020-04-18 10:02 PM,10,True
554,217,3,2020-09-18 11:22 PM,100,True
555,553,2,2020-03-18 11:24 PM,50,True
556,160,2,2020-09-18 12:37 PM,100,True
557,203,2,2021-07-18 01:12 AM,85,True
558,239,1,2021-01-18 01:14 AM,35,True
559,981,2,2021-11-18 03:53 AM,8,True
560,78,2,2021-06-18 04:19 AM,30,True
561,345,1,2021-03-18 05:21 AM,90,True
562,238,1,2021-01-18 09:10 AM,35,True
563,698,3,2021-11-18 09:39 AM,50,False
564,949,1,2021-12-18 09:52 AM,20,False
565,535,2,2021-01-18 10:37 AM,85,True
566,38,4,2021-03-18 12:48 AM,35,True
567,470,2,2021-11-18 03:34 PM,30,True
568,911,1,2021-09-18 03:57 PM,20,False
569,880,1,2021-08-18 07:30 PM,50,True
570,545,3,2021-12-18 08:08 PM,35,True
571,392,1,2021-06-18 08:35 PM,8,True
572,752,1,2021-11-18 09:34 PM,35,True
573,136,1,2021-01-18 10:06 PM,100,True
574,822,2,2021-09-18 12:13 PM,85,True
575,891,3,2021-01-18 12:27 PM,2,False
576,409,1,2020-09-19 01:16 AM,90,True
577,857,1,2020-08-19 02:44 AM,35,True
578,903,1,2020-04-19 04:40 AM,30,True
579,186,1,2020-07-19 05:40 AM,30,True
580,19,2,2020-12-19 06:41 AM,30,False
581,797,1,2020-08-19 08:22 AM,90,True
582,3,1,2020-03-19 10:36 AM,100,True
583,69,1,2020-03-19 11:07 AM,50,True
584,593,2,2020-10-19 12:23 AM,35,True
585,803,2,2020-08-19 01:11 PM,35,True
586,957,2,2020-11-19 01:27 PM,35,True
587,679,2,2020-04-19 02:41 PM,8,True
588,332,1,2020-12-19 06:37 PM,85,True
589,180,1,2020-07-19 08:10 PM,10,False
590,273,1,2020-07-19 08:34 PM,35,True
591,583,1,2020-07-19 08:39 PM,35,True
592,946,2,2020-06-19 08:47 PM,35,True
593,751,2,2020-08-19 09:20 PM,30,True
594,485,1,2020-08-19 09:29 PM,35,True
595,588,1,2020-04-19 11:21 PM,85,True
596,138,3,2021-11-19 05:13 AM,90,True
597,69,2,2021-01-19 08:03 AM,50,True
598,366,1,2021-08-19 09:24 AM,20,False
599,29,1,2021-01-19 03:16 PM,90,True
600,262,1,2021-01-19 03:34 PM,100,True
601,997,2,2021-03-19 05:06 PM,50,True
602,915,3,2021-11-19 05:10 PM,35,True
603,174,2,2021-07-19 05:16 PM,30,False
604,624,1,2021-01-19 06:02 PM,50,False
605,817,1,2021-05-19 06:48 PM,35,True
606,243,1,2021-01-19 06:49 PM,35,True
607,782,1,2020-07-20 02:47 AM,100,True
608,635,1,2020-01-20 04:17 AM,50,True
609,413,2,2020-12-20 08:27 AM,35,True
610,420,1,2020-02-20 09:46 AM,35,True
611,772,1,2020-12-20 11:30 AM,90,True
612,678,1,2020-10-20 01:11 PM,30,False
613,253,1,2020-03-20 02:37 PM,90,True
614,657,1,2020-11-20 04:16 PM,90,True
615,27,1,2020-12-20 08:35 PM,90,True
616,693,1,2020-09-20 09:42 PM,8,True
617,896,1,2021-04-20 01:52 AM,50,True
618,789,2,2021-04-20 01:53 AM,35,True
619,794,2,2021-09-20 05:53 AM,10,True
620,255,1,2021-02-20 09:39 AM,50,True
621,680,1,2021-10-20 10:31 AM,100,True
622,572,1,2021-07-20 11:46 AM,35,True
623,30,2,2021-03-20 01:02 PM,50,True
624,495,2,2021-06-20 01:19 PM,90,True
625,554,1,2021-09-20 06:28 PM,90,True
626,949,2,2021-07-20 06:59 PM,20,False
627,968,2,2021-12-20 08:10 PM,90,True
628,151,2,2021-10-20 09:04 PM,90,True
629,281,3,2021-10-20 12:48 PM,85,True
630,480,2,2020-08-21 01:12 AM,50,True
631,705,2,2020-12-21 01:47 AM,8,True
632,793,1,2020-07-21 02:10 AM,30,True
633,189,1,2020-07-21 03:50 AM,50,True
634,42,2,2020-08-21 05:05 AM,100,True
635,957,3,2020-09-21 06:16 AM,35,True
636,85,2,2020-12-21 08:58 AM,100,True
637,835,1,2020-03-21 10:35 AM,50,False
638,144,1,2020-03-21 01:03 PM,35,True
639,824,3,2020-08-21 02:34 PM,50,True
640,352,3,2020-03-21 02:55 PM,50,True
641,348,2,2020-10-21 05:56 PM,50,True
642,808,1,2020-12-21 06:44 PM,8,True
643,778,1,2020-10-21 06:51 PM,35,True
644,839,2,2020-11-21 07:01 PM,85,True
645,799,2,2020-07-21 07:55 PM,35,True
646,170,2,2020-08-21 11:34 PM,35,True
647,285,2,2021-11-21 01:30 AM,50,True
648,50,3,2021-07-21 01:45 AM,35,True
649,429,2,2021-08-21 05:13 AM,30,False
650,606,1,2021-11-21 06:10 AM,85,True
651,98,1,2021-09-21 06:29 AM,30,False
652,585,2,2021-02-21 09:04 AM,35,True
653,657,2,2021-11-21 09:58 AM,90,True
654,832,3,2021-01-21 12:41 AM,90,True
655,646,1,2021-03-21 03:33 PM,8,True
656,824,4,2021-11-21 04:09 PM,50,True
657,752,2,2021-03-21 06:54 PM,35,True
658,578,2,2021-09-21 07:20 PM,50,True
659,993,1,2021-05-21 08:15 PM,50,True
660,377,1,2021-07-21 09:30 PM,50,True
661,230,1,2021-11-21 12:47 PM,90,True
662,845,2,2020-08-22 02:52 AM,30,True
663,64,1,2020-10-22 04:10 AM,85,True
664,671,1,2020-04-22 05:17 AM,50,True
665,970,1,2020-01-22 06:27 AM,30,True
666,252,2,2020-04-22 06:35 AM,35,True
667,155,1,2020-12-22 07:52 AM,5,False
668,307,3,2020-09-22 09:41 AM,90,True
669,52,2,2020-12-22 10:51 AM,85,True
670,571,4,2020-11-22 11:58 AM,8,True
671,728,1,2020-06-22 12:23 AM,30,True
672,790,1,2020-10-22 01:34 PM,50,True
673,401,1,2020-08-22 02:14 PM,35,True
674,831,2,2020-04-22 11:09 PM,30,True
675,317,1,2021-10-22 01:37 AM,50,True
676,840,1,2021-02-22 01:45 AM,8,True
677,652,1,2021-02-22 03:15 AM,8,True
678,316,2,2021-12-22 04:30 AM,90,True
679,925,1,2021-04-22 04:41 AM,30,True
680,875,4,2021-12-22 05:28 AM,35,True
681,333,1,2021-11-22 05:37 AM,35,True
682,259,1,2021-10-22 06:00 AM,35,True
683,64,2,2021-04-22 06:11 AM,85,True
684,39,2,2021-06-22 07:04 AM,90,True
685,602,1,2021-08-22 09:17 AM,5,False
686,265,2,2021-12-22 09:49 AM,90,True
687,340,1,2021-08-22 12:12 AM,35,True
688,717,1,2021-01-22 03:17 PM,30,True
689,193,1,2021-11-22 03:28 PM,35,True
690,541,1,2021-11-22 04:39 PM,30,False
691,959,2,2021-06-22 07:15 PM,85,True
692,955,2,2021-09-22 10:15 PM,15,True
693,876,1,2021-01-22 10:44 PM,35,True
694,686,2,2021-09-22 10:49 PM,50,True
695,330,2,2021-02-22 11:59 PM,100,True
696,305,1,2021-03-22 12:35 PM,50,True
697,636,2,2020-08-23 05:16 AM,90,True
698,936,1,2020-11-23 08:20 AM,35,True
699,1,2,2020-07-23 02:17 PM,20,False
700,593,3,2020-11-23 02:46 PM,35,True
701,118,2,2020-11-23 02:50 PM,100,True
702,348,3,2020-11-23 03:42 PM,50,True
703,637,3,2020-09-23 06:09 PM,90,True
704,40,1,2020-09-23 08:00 PM,2,False
705,107,1,2020-04-23 08:25 PM,100,True
706,414,1,2020-03-23 08:49 PM,100,True
707,638,1,2020-07-23 12:33 PM,85,True
708,890,1,2021-10-23 02:29 AM,35,True
709,982,2,2021-08-23 02:48 AM,30,False
710,324,1,2021-06-23 04:59 AM,90,True
711,949,3,2021-09-23 05:35 AM,20,False
712,323,2,2021-02-23 06:56 AM,30,True
713,34,2,2021-08-23 08:18 AM,35,True
714,171,2,2021-01-23 08:42 AM,85,True
715,461,1,2021-12-23 09:38 AM,35,True
716,394,1,2021-01-23 09:43 AM,35,True
717,866,1,2021-11-23 10:30 AM,50,True
718,919,1,2021-01-23 01:05 PM,90,True
719,908,1,2021-10-23 03:53 PM,35,True
720,551,3,2021-02-23 05:34 PM,35,True
721,205,1,2021-10-23 06:14 PM,30,True
722,350,2,2021-12-23 06:19 PM,85,True
723,30,3,2021-06-23 07:13 PM,50,True
724,702,3,2021-04-23 08:08 PM,8,True
725,905,2,2021-08-23 08:20 PM,50,True
726,532,1,2021-01-23 08:40 PM,85,True
727,889,1,2021-09-23 09:56 PM,35,True
728,336,1,2021-05-23 10:09 PM,100,True
729,11,2,2021-06-23 12:13 PM,35,True
730,416,2,2020-07-24 02:12 AM,90,True
731,763,1,2020-06-24 02:30 AM,15,True
732,492,1,2020-02-24 02:45 AM,50,True
733,62,1,2020-12-24 02:56 AM,35,True
734,902,1,2020-07-24 03:53 AM,30,True
735,7,1,2020-07-24 04:41 AM,35,True
736,314,1,2020-03-24 05:24 AM,35,True
737,298,1,2020-07-24 06:58 AM,100,True
738,483,2,2020-02-24 07:51 AM,35,True
739,295,1,2020-01-24 08:28 AM,85,True
740,930,1,2020-04-24 08:37 AM,90,True
741,655,2,2020-06-24 09:58 AM,100,True
742,545,4,2020-09-24 10:47 AM,35,True
743,954,2,2020-08-24 11:03 AM,35,True
744,619,2,2020-04-24 11:46 AM,100,True
745,266,1,2020-04-24 02:47 PM,30,True
746,686,3,2020-02-24 04:02 PM,50,True
747,777,1,2020-08-24 05:02 PM,50,True
748,858,1,2020-02-24 05:18 PM,35,True
749,411,1,2020-06-24 05:29 PM,30,True
750,463,1,2020-09-24 08:09 PM,35,True
751,620,2,2020-03-24 11:43 PM,30,False
752,419,1,2020-02-24 11:56 PM,85,True
753,668,1,2020-11-24 12:38 PM,20,False
754,384,2,2021-06-24 01:41 AM,50,False
755,334,3,2021-11-24 02:14 AM,35,True
756,947,1,2021-01-24 02:54 AM,85,True
757,484,2,2021-10-24 03:08 AM,35,True
758,860,2,2021-05-24 06:44 AM,30,True
759,388,1,2021-11-24 09:59 AM,35,True
760,475,2,2021-12-24 10:11 AM,90,True
761,472,1,2021-08-24 11:32 AM,30,True
762,392,2,2021-09-24 11:45 AM,8,True
763,184,2,2021-12-24 11:56 AM,20,False
764,499,3,2021-11-24 12:03 AM,35,True
765,399,3,2021-08-24 12:35 AM,100,True
766,309,1,2021-04-24 12:36 AM,30,True
767,78,3,2021-01-24 02:39 PM,30,True
768,607,2,2021-12-24 04:01 PM,30,True
769,861,2,2021-09-24 05:11 PM,35,True
770,646,2,2021-05-24 07:06 PM,8,True
771,961,1,2021-07-24 07:25 PM,15,True
772,177,1,2021-03-24 09:54 PM,30,True
773,398,2,2021-10-24 12:53 PM,8,True
774,275,1,2020-12-25 01:47 AM,35,True
775,791,2,2020-06-25 02:09 AM,85,True
776,536,1,2020-10-25 03:38 AM,15,True
777,329,1,2020-05-25 07:14 AM,8,True
778,972,1,2020-03-25 07:53 AM,2,False
779,235,2,2020-12-25 08:23 AM,35,True
780,234,1,2020-02-25 08:42 AM,85,True
781,608,1,2020-12-25 10:15 AM,90,True
782,490,1,2020-03-25 11:42 AM,35,True
783,647,1,2020-05-25 11:44 AM,50,True
784,243,2,2020-10-25 01:20 PM,35,True
785,258,1,2020-01-25 02:58 PM,85,True
786,369,1,2020-06-25 03:23 PM,85,True
787,832,4,2020-09-25 04:29 PM,90,True
788,656,2,2020-12-25 07:04 PM,30,False
789,909,1,2020-02-25 07:35 PM,8,True
790,403,1,2021-12-25 01:02 AM,5,False
791,530,1,2021-01-25 03:11 AM,90,True
792,554,2,2021-07-25 04:36 AM,90,True
793,607,3,2021-03-25 06:02 AM,30,True
794,652,2,2021-06-25 06:45 AM,8,True
795,402,1,2021-06-25 09:25 AM,35,True
796,680,2,2021-10-25 09:50 AM,100,True
797,660,1,2021-07-25 10:15 AM,35,True
798,411,2,2021-08-25 10:55 AM,30,True
799,678,2,2021-10-25 01:05 PM,30,False
800,980,2,2021-12-25 03:51 PM,15,True
801,909,2,2021-04-25 05:41 PM,8,True
802,570,2,2021-12-25 09:30 PM,5,False
803,202,2,2021-05-25 09:40 PM,35,True
804,520,1,2021-08-25 09:49 PM,50,False
805,592,2,2021-06-25 10:04 PM,35,True
806,388,2,2021-10-25 11:22 PM,35,True
807,44,1,2021-09-25 12:22 PM,35,True
808,476,3,2020-05-26 03:04 AM,30,False
809,821,2,2020-06-26 03:43 AM,50,True
810,437,2,2020-11-26 05:03 AM,100,True
811,285,3,2020-06-26 08:14 AM,50,True
812,114,1,2020-03-26 08:45 AM,5,False
813,269,2,2020-06-26 09:25 AM,100,True
814,394,2,2020-05-26 09:42 AM,35,True
815,60,2,2020-12-26 12:07 AM,50,True
816,404,2,2020-06-26 12:18 AM,20,False
817,452,1,2020-05-26 01:31 PM,85,True
818,317,2,2020-03-26 03:36 PM,50,True
819,136,2,2020-07-26 05:52 PM,100,True
820,355,1,2020-06-26 06:01 PM,30,False
821,461,2,2020-08-26 06:14 PM,35,True
822,246,1,2020-01-26 06:32 PM,90,True
823,881,1,2020-10-26 10:35 PM,100,True
824,340,2,2020-12-26 11:23 PM,35,True
825,377,2,2020-02-26 12:58 PM,50,True
826,431,1,2021-08-26 02:11 AM,30,False
827,821,3,2021-10-26 05:45 AM,50,True
828,690,1,2021-04-26 06:51 AM,30,False
829,215,3,2021-10-26 07:58 AM,8,True
830,736,1,2021-04-26 08:16 AM,35,True
831,684,1,2021-11-26 09:05 AM,15,True
832,295,2,2021-10-26 09:18 AM,85,True
833,723,1,2021-08-26 09:47 AM,8,True
834,425,1,2021-08-26 09:50 AM,20,False
835,523,1,2021-07-26 10:50 AM,50,True
836,48,1,2021-10-26 11:05 AM,50,True
837,539,1,2021-11-26 11:07 AM,35,True
838,77,1,2021-08-26 12:49 AM,90,True
839,514,1,2021-08-26 06:05 PM,50,True
840,352,4,2021-08-26 07:18 PM,50,True
841,642,2,2021-07-26 09:19 PM,35,True
842,358,1,2021-03-26 09:22 PM,50,True
843,348,4,2021-09-26 12:05 PM,50,True
844,702,4,2020-07-27 04:52 AM,8,True
845,840,2,2020-03-27 04:54 AM,8,True
846,611,3,2020-08-27 05:53 AM,90,True
847,778,2,2020-02-27 07:14 AM,35,True
848,696,2,2020-02-27 07:24 AM,35,True
849,395,2,2020-07-27 08:03 AM,50,True
850,738,2,2020-04-27 09:26 AM,8,True
851,354,1,2020-08-27 12:24 AM,30,True
852,780,1,2020-03-27 12:34 AM,15,True
853,891,4,2020-10-27 01:24 PM,2,False
854,83,1,2020-03-27 02:36 PM,30,True
855,952,2,2020-08-27 05:50 PM,10,True
856,737,1,2020-06-27 06:16 PM,30,True
857,607,4,2020-04-27 06:21 PM,30,True
858,799,3,2020-09-27 11:40 PM,35,True
859,122,2,2020-09-27 12:06 PM,100,True
860,515,1,2020-09-27 12:15 PM,90,True
861,460,1,2020-03-27 12:32 PM,100,True
862,271,1,2021-06-27 01:34 AM,35,True
863,961,2,2021-04-27 02:01 AM,15,True
864,934,1,2021-12-27 02:34 AM,30,True
865,99,2,2021-12-27 03:52 AM,50,True
866,220,3,2021-02-27 04:34 AM,85,True
867,332,2,2021-05-27 06:47 AM,85,True
868,201,1,2021-06-27 08:28 AM,50,True
869,488,2,2021-02-27 08:39 AM,85,True
870,104,3,2021-04-27 10:02 AM,30,True
871,289,1,2021-08-27 10:10 AM,35,True
872,214,4,2021-03-27 11:38 AM,85,True
873,105,2,2021-05-27 12:35 AM,85,True
874,511,2,2021-09-27 03:49 PM,20,False
875,445,3,2021-11-27 03:58 PM,35,True
876,682,1,2021-11-27 05:17 PM,30,True
877,437,3,2021-08-27 05:23 PM,100,True
878,69,3,2021-05-27 07:21 PM,50,True
879,192,2,2021-07-27 08:58 PM,35,True
880,711,2,2021-11-27 10:45 PM,30,True
881,79,1,2021-07-27 10:58 PM,85,True
882,945,1,2021-04-27 12:43 PM,85,True
883,732,1,2020-08-28 01:53 AM,90,True
884,147,2,2020-03-28 03:38 AM,35,True
885,44,2,2020-08-28 05:33 AM,35,True
886,348,5,2020-11-28 06:51 AM,50,True
887,869,1,2020-11-28 09:55 AM,100,True
888,499,4,2020-11-28 10:28 AM,35,True
889,287,1,2020-11-28 10:59 AM,100,True
890,363,1,2020-09-28 12:40 AM,30,False
891,449,4,2020-02-28 01:17 PM,35,True
892,133,1,2020-02-28 04:12 PM,35,True
893,130,1,2020-03-28 04:19 PM,85,True
894,290,1,2020-10-28 04:20 PM,100,True
895,865,2,2020-05-28 04:31 PM,10,True
896,426,1,2020-06-28 04:38 PM,10,False
897,193,2,2020-05-28 06:03 PM,35,True
898,987,1,2020-06-28 07:53 PM,8,True
899,401,2,2020-06-28 08:44 PM,35,True
900,342,1,2020-09-28 09:34 PM,30,False
901,654,2,2020-12-28 10:39 PM,35,True
902,33,1,2021-12-28 01:38 AM,90,True
903,686,4,2021-10-28 04:03 AM,50,True
904,103,1,2021-02-28 04:47 AM,35,True
905,675,2,2021-12-28 05:55 AM,90,True
906,834,2,2021-09-28 09:50 AM,35,True
907,129,1,2021-11-28 12:04 AM,20,False
908,838,3,2021-07-28 01:38 PM,10,False
909,942,2,2021-10-28 02:03 PM,35,True
910,646,3,2021-01-28 06:09 PM,8,True
911,458,2,2021-09-28 06:59 PM,85,True
912,217,4,2021-03-28 07:07 PM,100,True
913,211,1,2021-04-28 07:12 PM,100,True
914,691,3,2021-05-28 08:37 PM,85,True
915,670,2,2021-03-28 08:53 PM,30,False
916,626,1,2021-09-28 09:02 PM,35,True
917,214,5,2021-06-28 10:15 PM,85,True
918,94,2,2021-11-28 10:49 PM,90,True
919,315,2,2021-06-28 12:32 PM,10,True
920,120,2,2021-08-28 12:36 PM,90,True
921,749,1,2020-11-29 01:56 AM,35,True
922,107,2,2020-11-29 02:10 AM,100,True
923,275,2,2020-05-29 03:04 AM,35,True
924,917,2,2020-12-29 03:47 AM,35,True
925,586,2,2020-06-29 05:04 AM,35,True
926,801,2,2020-08-29 06:16 AM,30,True
927,181,1,2020-06-29 07:18 AM,100,True
928,297,1,2020-09-29 11:00 AM,30,True
929,979,2,2020-10-29 12:08 AM,35,True
930,806,2,2020-05-29 12:31 AM,35,True
931,113,1,2020-02-29 12:58 AM,35,True
932,607,5,2020-01-29 05:59 PM,30,True
933,434,3,2020-04-29 08:42 PM,100,True
934,265,3,2020-02-29 08:55 PM,90,True
935,807,4,2020-06-29 09:13 PM,100,True
936,709,2,2020-06-29 12:21 PM,20,False
937,278,2,2021-08-29 01:21 AM,50,False
938,322,1,2021-10-29 04:12 AM,85,True
939,764,1,2021-05-29 04:26 AM,50,True
940,423,2,2021-10-29 04:38 AM,100,True
941,849,2,2021-03-29 04:53 AM,10,True
942,929,1,2021-01-29 05:33 AM,90,True
943,993,2,2021-06-29 10:48 AM,50,True
944,247,1,2021-07-29 10:52 AM,8,True
945,767,1,2021-01-29 11:39 AM,35,True
946,216,3,2021-11-29 11:57 AM,35,True
947,7,2,2021-09-29 01:31 PM,35,True
948,331,2,2021-12-29 03:31 PM,35,True
949,203,3,2021-11-29 05:51 PM,85,True
950,432,1,2021-11-29 06:03 PM,85,True
951,155,2,2021-08-29 07:41 PM,5,False
952,814,1,2021-07-29 07:41 PM,85,True
953,516,1,2021-11-29 09:30 PM,50,False
954,200,1,2021-10-29 10:28 PM,90,True
955,611,4,2020-10-30 01:06 AM,90,True
956,767,2,2020-11-30 01:24 AM,35,True
957,868,2,2020-06-30 02:35 AM,30,True
958,334,4,2020-05-30 04:54 AM,35,True
959,192,3,2020-01-30 06:13 AM,35,True
960,753,1,2020-03-30 06:36 AM,5,False
961,328,2,2020-04-30 02:57 PM,10,True
962,869,2,2020-03-30 06:09 PM,100,True
963,166,2,2020-12-30 06:34 PM,35,True
964,643,1,2020-07-30 06:41 PM,90,True
965,993,3,2020-10-30 07:00 PM,50,True
966,615,1,2020-06-30 08:46 PM,35,True
967,952,3,2020-04-30 09:22 PM,10,True
968,850,1,2020-06-30 12:26 PM,100,True
969,927,1,2020-11-30 12:57 PM,50,True
970,818,1,2021-12-30 01:13 AM,50,False
971,961,3,2021-06-30 03:55 AM,15,True
972,846,1,2021-05-30 04:42 AM,100,True
973,172,3,2021-01-30 06:10 AM,15,True
974,564,1,2021-08-30 07:21 AM,5,False
975,88,2,2021-03-30 09:11 AM,30,True
976,274,1,2021-03-30 11:07 AM,50,True
977,164,2,2021-08-30 01:10 PM,35,True
978,3,2,2021-12-30 01:33 PM,100,True
979,298,2,2021-01-30 02:09 PM,100,True
980,844,2,2021-01-30 05:35 PM,30,True
981,160,3,2021-08-30 06:16 PM,100,True
982,227,1,2021-09-30 06:53 PM,30,False
983,718,1,2021-12-30 07:09 PM,50,True
984,204,2,2021-01-30 07:53 PM,90,True
985,978,2,2021-01-30 07:55 PM,90,True
986,248,1,2020-01-31 01:12 AM,35,True
987,426,2,2020-05-31 05:18 AM,10,False
988,806,3,2020-01-31 12:56 AM,35,True
989,853,1,2020-07-31 01:05 PM,100,True
990,888,1,2020-08-31 04:28 PM,35,True
991,80,2,2020-03-31 04:49 PM,30,True
992,373,3,2020-03-31 09:48 PM,50,True
993,628,2,2020-10-31 10:58 PM,90,True
994,869,3,2021-03-31 03:15 AM,100,True
995,305,2,2021-10-31 05:37 AM,50,True
996,626,2,2021-03-31 09:39 AM,35,True
997,109,2,2021-05-31 02:16 PM,90,True
998,157,1,2021-01-31 04:53 PM,35,True
999,936,2,2021-07-31 05:04 PM,35,True
