event_id_pk,product_instance_id_fk,calling_msisdn,called_msisdn,date,cost,duration,number_of_sms,number_of_data,event_type,direction,roaming
1,357,1375,484,2020-02-01 03:19 AM,0.0,210,,,call,incoming,0
2,954,87,48,2020-01-01 03:55 AM,420840.0,,,4676,data,,0
3,759,1356,241,2020-04-01 06:28 AM,0.0,262,,,call,outgoing,1
4,464,1132,733,2020-08-01 07:25 AM,0.0,171,,,call,outgoing,0
5,589,815,619,2020-01-01 07:30 AM,0.3,36,,,call,outgoing,0
6,713,1130,1286,2020-02-01 10:20 AM,0.02,,1,,sms,outgoing,0
7,230,990,266,2020-05-01 11:15 AM,0.0,,1,,sms,incoming,1
8,756,639,714,2020-09-01 02:57 PM,0.0,107,,,call,incoming,0
9,729,1336,675,2020-08-01 03:46 PM,0.6,85,,,call,incoming,0
10,66,525,47,2020-06-01 06:58 PM,0.0,,1,,sms,outgoing,1
11,437,989,640,2020-01-01 06:59 PM,0.0,,,3086,data,,1
12,397,446,924,2020-05-01 07:27 PM,1.5,286,,,call,incoming,0
13,643,1258,920,2020-01-01 07:40 PM,0.0,78,,,call,incoming,0
14,355,1273,79,2020-03-01 07:42 PM,0.8999999999999999,122,,,call,outgoing,1
15,100,106,1215,2020-07-01 08:32 PM,0.0,273,,,call,incoming,1
16,33,416,390,2020-10-01 11:07 PM,0.0,,,4773,data,,0
17,631,82,698,2020-06-01 12:06 PM,0.0,,,3104,data,,0
18,476,478,575,2021-08-01 06:54 AM,1.5,286,,,call,outgoing,0
19,264,779,819,2021-09-01 07:38 AM,0.0,,,1535,data,,0
20,345,39,1234,2021-11-01 07:48 AM,0.0,39,,,call,outgoing,0
21,951,72,1020,2021-12-01 12:24 AM,0.0,216,,,call,outgoing,0
22,611,146,186,2021-03-01 12:35 AM,0.0,161,,,call,outgoing,0
23,98,746,174,2021-11-01 02:21 PM,0.8999999999999999,155,,,call,outgoing,1
24,58,558,1370,2021-09-01 04:30 PM,0.0,,1,,sms,incoming,0
25,493,937,113,2021-12-01 09:32 PM,0.0,,1,,sms,incoming,1
26,878,842,209,2020-01-02 02:25 AM,142160.0,,,3554,data,,1
27,380,733,387,2020-04-02 02:40 AM,0.0,19,,,call,incoming,0
28,690,848,1011,2020-03-02 02:54 AM,0.8999999999999999,152,,,call,incoming,0
29,218,945,569,2020-09-02 04:46 AM,0.0,119,,,call,incoming,0
30,174,914,984,2020-08-02 06:56 AM,0.8999999999999999,142,,,call,outgoing,0
31,605,1143,582,2020-09-02 01:52 PM,0.0,,1,,sms,outgoing,1
32,817,732,447,2020-03-02 01:59 PM,57975.0,,,773,data,,0
33,620,1395,808,2020-06-02 02:59 PM,1.2,197,,,call,incoming,0
34,301,456,593,2020-12-02 03:59 PM,0.0,270,,,call,outgoing,1
35,632,1134,897,2020-11-02 04:20 PM,0.0,16,,,call,incoming,0
36,318,94,1287,2020-08-02 04:20 PM,0.0,240,,,call,outgoing,0
37,844,613,727,2020-12-02 04:55 PM,0.0,23,,,call,incoming,0
38,627,1059,569,2020-03-02 08:41 PM,107470.0,,,977,data,,0
39,140,1241,1386,2021-01-02 01:06 AM,0.0,,1,,sms,outgoing,0
40,496,127,1334,2021-12-02 01:10 AM,0.0,101,,,call,outgoing,0
41,839,492,836,2021-08-02 05:32 AM,0.0,,,3387,data,,0
42,355,463,891,2021-02-02 11:06 AM,0.6,96,,,call,outgoing,0
43,369,1255,20,2021-04-02 11:54 AM,0.0,223,,,call,incoming,0
44,165,333,383,2021-12-02 12:58 AM,0.0,,1,,sms,incoming,0
45,174,1355,283,2021-09-02 03:55 PM,0.3,48,,,call,outgoing,0
46,382,412,527,2021-06-02 04:58 PM,0.0,286,,,call,outgoing,0
47,244,552,1281,2021-07-02 07:36 PM,0.0,194,,,call,outgoing,1
48,354,930,685,2021-12-02 07:49 PM,0.0,212,,,call,incoming,0
49,104,461,332,2021-04-02 09:24 PM,0.0,158,,,call,outgoing,0
50,266,1256,397,2021-11-02 10:06 PM,0.0,258,,,call,outgoing,1
51,620,895,311,2021-03-02 10:14 PM,0.8999999999999999,142,,,call,incoming,0
52,721,992,987,2021-05-02 11:15 PM,80925.0,,,1079,data,,0
53,85,886,1248,2020-11-03 02:45 AM,0.0,181,,,call,outgoing,0
54,433,1243,482,2020-10-03 03:49 AM,0.0,278,,,call,outgoing,1
55,75,189,1359,2020-10-03 06:56 AM,0.0,141,,,call,outgoing,0
56,331,220,742,2020-12-03 07:40 AM,277380.0,,,3082,data,,0
57,620,469,808,2020-03-03 08:44 AM,0.8999999999999999,164,,,call,outgoing,0
58,369,907,463,2020-08-03 09:00 AM,0.0,,1,,sms,incoming,0
59,797,516,870,2020-08-03 09:19 AM,0.0,189,,,call,incoming,0
60,523,1317,287,2020-03-03 12:27 AM,448690.0,,,4079,data,,1
61,421,537,270,2020-01-03 10:07 PM,39750.0,,,530,data,,0
62,453,99,1126,2020-12-03 12:16 PM,0.0,,1,,sms,incoming,1
63,994,64,1202,2020-01-03 12:17 PM,0.0,,,3073,data,,0
64,606,565,849,2020-03-03 12:20 PM,0.0,157,,,call,outgoing,1
65,445,964,1325,2021-02-03 01:27 AM,60750.0,,,675,data,,1
66,363,474,929,2021-05-03 01:29 AM,0.8999999999999999,177,,,call,incoming,0
67,716,1179,419,2021-02-03 03:25 AM,0.0,69,,,call,incoming,1
68,264,478,275,2021-01-03 03:30 AM,0.0,273,,,call,outgoing,0
69,391,77,686,2021-12-03 03:50 AM,174900.0,,,1590,data,,0
70,365,1259,544,2021-03-03 08:45 AM,0.8999999999999999,164,,,call,outgoing,0
71,300,219,971,2021-10-03 03:10 PM,0.0,299,,,call,outgoing,0
72,475,539,568,2021-08-03 03:13 PM,0.0,192,,,call,incoming,0
73,174,1235,1354,2021-11-03 06:08 PM,1.5,260,,,call,outgoing,1
74,134,690,1283,2021-11-03 08:05 PM,0.0,,1,,sms,outgoing,0
75,929,495,758,2021-04-03 12:53 PM,0.0,32,,,call,outgoing,0
76,365,952,206,2020-03-04 03:18 AM,1.2,194,,,call,incoming,1
77,287,808,1080,2020-04-04 04:12 AM,0.0,151,,,call,outgoing,0
78,881,499,1,2020-01-04 04:22 AM,0.0,28,,,call,incoming,0
79,523,485,964,2020-08-04 04:30 AM,423830.0,,,3853,data,,0
80,316,1302,587,2020-04-04 04:45 AM,0.0,120,,,call,incoming,1
81,504,22,870,2020-02-04 04:58 AM,0.0,101,,,call,incoming,1
82,455,11,41,2020-06-04 07:14 AM,0.0,160,,,call,incoming,0
83,397,1306,1231,2020-07-04 08:43 AM,1.2,204,,,call,incoming,1
84,261,594,940,2020-09-04 08:57 AM,0.0,,,865,data,,0
85,168,1336,840,2020-03-04 09:29 AM,0.0,113,,,call,outgoing,0
86,104,737,504,2020-05-04 10:27 AM,0.0,,1,,sms,outgoing,1
87,894,586,93,2020-09-04 11:22 AM,127.4,,,2548,data,,0
88,830,1130,736,2020-07-04 06:20 PM,0.0,16,,,call,outgoing,1
89,244,1300,14,2020-10-04 08:06 PM,0.0,195,,,call,incoming,1
90,568,177,164,2020-06-04 12:43 PM,0.0,,,1813,data,,0
91,60,131,1368,2021-11-04 02:03 AM,396550.0,,,3605,data,,0
92,568,1269,858,2021-05-04 03:18 AM,0.0,177,,,call,incoming,1
93,193,1382,922,2021-03-04 05:26 AM,262425.0,,,3499,data,,0
94,123,1070,291,2021-08-04 06:30 AM,0.0,107,,,call,incoming,0
95,439,264,1082,2021-12-04 07:44 AM,0.0,189,,,call,outgoing,0
96,559,286,877,2021-09-04 08:22 AM,308790.0,,,3431,data,,1
97,922,1079,1006,2021-07-04 08:45 AM,0.0,94,,,call,incoming,1
98,154,1006,394,2021-06-04 08:47 AM,0.0,274,,,call,incoming,0
99,104,1217,720,2021-08-04 12:10 AM,0.0,292,,,call,outgoing,0
100,252,944,316,2021-04-04 12:47 AM,315225.0,,,4203,data,,1
101,649,455,61,2021-10-04 02:38 PM,336750.0,,,4490,data,,1
102,369,1285,433,2021-11-04 03:36 PM,0.0,,,1001,data,,1
103,316,763,845,2021-04-04 07:04 PM,0.0,,,1370,data,,0
104,297,938,103,2021-12-04 07:26 PM,0.0,193,,,call,outgoing,0
105,433,655,1167,2021-02-04 07:28 PM,153200.0,,,3830,data,,1
106,496,85,224,2021-03-04 09:44 PM,0.0,,1,,sms,outgoing,0
107,418,427,551,2020-02-05 01:55 AM,0.0,,,2870,data,,0
108,708,1279,1313,2020-03-05 07:08 AM,0.0,207,,,call,incoming,1
109,174,784,79,2020-07-05 07:24 AM,0.3,52,,,call,incoming,0
110,417,1029,186,2020-11-05 07:45 AM,126975.0,,,1693,data,,0
111,535,116,311,2020-04-05 08:07 AM,0.0,206,,,call,outgoing,1
112,362,780,649,2020-02-05 08:32 AM,165480.0,,,4137,data,,0
113,560,348,1014,2020-05-05 10:36 AM,0.0,,1,,sms,outgoing,0
114,883,778,1259,2020-03-05 01:34 PM,0.0,165,,,call,outgoing,0
115,732,1387,521,2020-03-05 03:59 PM,0.0,102,,,call,outgoing,0
116,476,1279,234,2020-11-05 05:12 PM,1.5,291,,,call,outgoing,0
117,98,606,496,2020-08-05 05:23 PM,0.3,50,,,call,incoming,0
118,418,704,100,2020-09-05 05:25 PM,0.0,16,,,call,outgoing,1
119,109,873,261,2020-11-05 07:01 PM,0.0,229,,,call,outgoing,0
120,974,465,139,2021-09-05 01:23 AM,0.0,228,,,call,incoming,0
121,37,1266,1049,2021-11-05 02:24 AM,0.0,151,,,call,incoming,0
122,109,132,1028,2021-08-05 02:32 AM,0.0,263,,,call,outgoing,1
123,612,701,49,2021-03-05 06:23 AM,0.0,,1,,sms,outgoing,1
124,618,905,1308,2021-03-05 06:39 AM,40760.0,,,1019,data,,0
125,94,282,516,2021-03-05 10:02 AM,0.0,78,,,call,outgoing,0
126,466,121,1113,2021-12-05 10:33 AM,0.0,31,,,call,outgoing,1
127,489,490,896,2021-01-05 11:07 AM,0.0,268,,,call,incoming,1
128,410,1313,936,2021-01-05 12:26 AM,0.0,71,,,call,incoming,0
129,713,1259,1171,2021-08-05 01:03 PM,0.02,,1,,sms,incoming,0
130,869,365,1259,2021-11-05 03:40 PM,0.0,227,,,call,incoming,1
131,795,270,494,2021-01-05 05:12 PM,0.0,144,,,call,incoming,1
132,498,1175,1225,2021-10-05 06:58 PM,0.0,77,,,call,incoming,1
133,998,834,360,2021-01-05 08:06 PM,0.0,,,3188,data,,0
134,819,926,1235,2021-12-05 09:01 PM,546700.0,,,4970,data,,1
135,690,968,1127,2020-10-06 02:22 AM,1.2,204,,,call,outgoing,1
136,637,190,708,2020-01-06 02:45 AM,0.0,88,,,call,outgoing,0
137,700,311,556,2020-11-06 03:59 AM,0.0,,1,,sms,incoming,0
138,930,514,770,2020-12-06 06:22 AM,0.0,47,,,call,outgoing,1
139,844,1141,152,2020-11-06 06:53 AM,0.0,73,,,call,incoming,0
140,357,1354,985,2020-02-06 09:03 AM,187640.0,,,4691,data,,0
141,354,1381,510,2020-08-06 09:09 AM,0.0,151,,,call,outgoing,0
142,4,174,1158,2020-07-06 09:53 AM,0.0,,1,,sms,outgoing,0
143,130,535,212,2020-02-06 12:32 AM,0.0,22,,,call,outgoing,0
144,46,690,204,2020-01-06 01:37 PM,0.0,,,3115,data,,0
145,485,538,522,2020-01-06 03:47 PM,93600.0,,,1248,data,,0
146,811,32,149,2020-12-06 04:26 PM,0.0,12,,,call,outgoing,1
147,200,1381,617,2020-11-06 04:56 PM,0.0,191,,,call,outgoing,0
148,672,502,717,2020-03-06 06:15 PM,0.0,189,,,call,incoming,0
149,310,1339,699,2020-02-06 06:26 PM,0.0,9,,,call,outgoing,0
150,257,428,975,2020-10-06 06:43 PM,365580.0,,,4062,data,,1
151,750,843,880,2020-02-06 07:36 PM,0.0,88,,,call,outgoing,0
152,77,1399,1103,2020-09-06 07:56 PM,0.0,,,2478,data,,0
153,884,1147,439,2020-10-06 10:35 PM,0.0,,,2728,data,,0
154,104,635,921,2020-11-06 10:40 PM,0.0,103,,,call,outgoing,0
155,904,1305,873,2021-11-06 02:30 AM,0.0,151,,,call,outgoing,0
156,488,798,1152,2021-08-06 02:53 AM,0.0,,,3659,data,,0
157,161,997,90,2021-12-06 03:05 AM,61425.0,,,819,data,,0
158,796,209,1052,2021-01-06 05:25 AM,0.6,75,,,call,incoming,1
159,846,279,173,2021-11-06 07:15 AM,0.0,202,,,call,incoming,0
160,58,1248,1027,2021-06-06 07:55 AM,0.0,253,,,call,incoming,0
161,405,1285,707,2021-10-06 08:17 AM,0.0,176,,,call,outgoing,1
162,699,1163,69,2021-11-06 08:33 AM,0.0,,,1446,data,,0
163,831,105,134,2021-09-06 09:36 AM,0.0,290,,,call,outgoing,0
164,580,836,240,2021-09-06 12:58 AM,0.0,110,,,call,outgoing,1
165,299,563,1230,2021-10-06 01:10 PM,0.0,267,,,call,incoming,1
166,134,1320,715,2021-09-06 02:23 PM,0.0,269,,,call,incoming,1
167,237,1217,130,2021-07-06 03:40 PM,0.0,212,,,call,outgoing,0
168,465,1222,700,2021-10-06 05:23 PM,0.0,15,,,call,incoming,0
169,301,48,240,2021-06-06 06:15 PM,100760.0,,,2519,data,,0
170,589,1378,868,2021-06-06 06:45 PM,0.8999999999999999,136,,,call,outgoing,1
171,350,440,582,2021-07-06 06:50 PM,0.0,250,,,call,incoming,1
172,678,151,278,2021-12-06 08:07 PM,1.5,270,,,call,incoming,0
173,275,920,352,2021-04-06 08:57 PM,395640.0,,,4396,data,,0
174,339,711,1252,2021-02-06 09:06 PM,0.0,,,3910,data,,0
175,517,671,392,2021-02-06 11:15 PM,141120.0,,,3528,data,,0
176,266,239,1177,2021-01-06 12:35 PM,0.0,230,,,call,outgoing,0
177,759,50,630,2021-05-06 12:42 PM,0.0,,,4143,data,,0
178,807,592,749,2020-11-07 04:00 AM,0.0,235,,,call,outgoing,0
179,359,860,951,2020-07-07 05:33 AM,0.0,45,,,call,incoming,1
180,467,970,1280,2020-04-07 06:45 AM,0.02,,1,,sms,incoming,0
181,967,605,397,2020-12-07 06:56 AM,0.0,4,,,call,outgoing,0
182,640,1196,221,2020-04-07 07:58 AM,0.0,,1,,sms,outgoing,0
183,439,1082,1385,2020-07-07 08:17 AM,0.0,121,,,call,outgoing,0
184,187,21,889,2020-02-07 09:01 AM,0.0,94,,,call,outgoing,1
185,281,1335,376,2020-09-07 12:15 AM,0.0,220,,,call,outgoing,0
186,26,418,761,2020-10-07 01:16 PM,0.0,249,,,call,outgoing,0
187,729,707,187,2020-11-07 02:46 PM,0.3,44,,,call,incoming,1
188,475,218,211,2020-02-07 02:57 PM,0.0,200,,,call,outgoing,0
189,359,597,491,2020-08-07 03:32 PM,0.0,202,,,call,incoming,0
190,614,1131,43,2020-08-07 06:47 PM,0.0,141,,,call,incoming,1
191,707,1357,90,2020-01-07 08:48 PM,427240.0,,,3884,data,,0
192,472,1338,983,2020-02-07 09:30 PM,178560.0,,,4464,data,,0
193,363,278,440,2020-06-07 10:13 PM,1.5,280,,,call,incoming,1
194,589,674,530,2020-07-07 12:20 PM,1.2,198,,,call,outgoing,1
195,576,837,868,2021-05-07 01:19 AM,0.0,27,,,call,incoming,0
196,911,1183,346,2021-09-07 06:00 AM,0.02,,1,,sms,incoming,1
197,589,1242,693,2021-12-07 06:17 AM,1.5,260,,,call,outgoing,1
198,197,271,1023,2021-05-07 06:40 AM,0.0,22,,,call,incoming,0
199,299,843,387,2021-09-07 08:10 AM,0.0,187,,,call,incoming,0
200,197,780,215,2021-08-07 01:49 PM,0.0,66,,,call,outgoing,1
201,185,966,979,2021-08-07 03:04 PM,0.0,279,,,call,outgoing,0
202,726,1274,1340,2021-10-07 04:02 PM,192.60000000000002,,,3852,data,,0
203,598,1251,77,2021-09-07 05:27 PM,0.0,140,,,call,outgoing,1
204,363,1305,1032,2021-03-07 12:34 PM,1.2,212,,,call,outgoing,1
205,598,776,808,2021-09-07 12:47 PM,0.0,196,,,call,incoming,0
206,764,313,1333,2020-10-08 02:56 AM,206030.0,,,1873,data,,0
207,521,1287,75,2020-04-08 04:16 AM,0.0,,,2877,data,,0
208,568,1283,262,2020-07-08 04:20 AM,0.0,,,1897,data,,0
209,186,789,1109,2020-12-08 05:07 AM,0.0,271,,,call,outgoing,0
210,740,1066,399,2020-04-08 09:03 AM,196880.0,,,4922,data,,0
211,636,1169,892,2020-05-08 10:37 AM,0.0,166,,,call,outgoing,1
212,352,961,352,2020-08-08 11:17 AM,143330.0,,,1303,data,,0
213,917,1190,27,2020-06-08 11:26 AM,256425.0,,,3419,data,,0
214,533,645,50,2020-03-08 12:34 AM,0.0,,1,,sms,outgoing,0
215,713,1071,823,2020-02-08 01:12 PM,0.02,,1,,sms,outgoing,1
216,105,552,1349,2020-10-08 01:14 PM,0.0,171,,,call,outgoing,0
217,433,562,469,2020-01-08 02:03 PM,0.0,212,,,call,incoming,0
218,805,518,811,2020-10-08 02:28 PM,0.02,,1,,sms,incoming,0
219,894,1174,1363,2020-08-08 05:15 PM,199.10000000000002,,,3982,data,,0
220,598,799,158,2020-10-08 09:17 PM,0.0,,,4818,data,,0
221,562,192,708,2020-01-08 09:45 PM,0.0,227,,,call,outgoing,0
222,850,647,1043,2020-03-08 10:57 PM,0.0,,1,,sms,outgoing,1
223,476,154,181,2021-10-08 04:03 AM,0.8999999999999999,146,,,call,incoming,1
224,89,823,274,2021-02-08 04:04 AM,0.0,,1,,sms,outgoing,0
225,437,1312,282,2021-10-08 08:10 AM,0.0,153,,,call,outgoing,0
226,941,421,555,2021-08-08 08:23 AM,0.8999999999999999,166,,,call,incoming,0
227,218,255,214,2021-01-08 03:12 PM,0.0,147,,,call,outgoing,0
228,242,1191,175,2021-08-08 04:32 PM,0.0,47,,,call,outgoing,1
229,643,309,469,2021-06-08 08:41 PM,0.0,113,,,call,incoming,0
230,199,160,1205,2021-12-08 10:31 PM,0.0,296,,,call,incoming,0
231,212,169,619,2021-06-08 12:31 PM,0.0,,1,,sms,outgoing,0
232,657,486,649,2021-02-08 12:37 PM,0.0,,,4165,data,,0
233,496,200,180,2020-06-09 02:09 AM,0.0,14,,,call,incoming,0
234,181,475,1336,2020-12-09 05:25 AM,0.0,273,,,call,incoming,0
235,747,667,84,2020-11-09 06:09 AM,1.2,190,,,call,incoming,0
236,533,16,1001,2020-07-09 08:24 AM,0.0,48,,,call,outgoing,0
237,203,201,1168,2020-08-09 10:27 AM,0.0,258,,,call,outgoing,1
238,189,1353,660,2020-05-09 10:55 AM,485210.0,,,4411,data,,0
239,186,726,69,2020-09-09 10:57 AM,119880.0,,,2997,data,,1
240,364,115,271,2020-03-09 11:09 AM,224510.0,,,2041,data,,0
241,903,873,436,2020-04-09 03:44 PM,0.0,89,,,call,incoming,0
242,216,1148,524,2020-03-09 04:05 PM,111600.0,,,1240,data,,0
243,80,1083,321,2020-01-09 05:45 PM,0.0,145,,,call,outgoing,0
244,355,726,407,2020-12-09 06:39 PM,0.3,34,,,call,outgoing,0
245,218,908,1374,2020-02-09 07:09 PM,0.0,188,,,call,incoming,0
246,46,454,1240,2020-07-09 07:09 PM,0.0,296,,,call,outgoing,0
247,105,759,1326,2020-06-09 09:31 PM,0.0,283,,,call,incoming,0
248,881,101,286,2020-03-09 10:05 PM,0.0,109,,,call,incoming,0
249,870,27,52,2020-01-09 12:35 PM,0.0,126,,,call,outgoing,0
250,673,1130,1211,2020-09-09 12:58 PM,0.0,,,1119,data,,0
251,579,152,658,2021-09-09 01:37 AM,34600.0,,,865,data,,0
252,258,528,197,2021-06-09 04:36 AM,0.0,,1,,sms,outgoing,1
253,85,384,925,2021-11-09 06:42 AM,0.0,52,,,call,incoming,0
254,535,588,587,2021-07-09 07:32 AM,0.0,64,,,call,incoming,0
255,211,188,203,2021-01-09 07:37 AM,0.0,,,1326,data,,0
256,84,1206,264,2021-01-09 07:56 AM,0.0,127,,,call,incoming,1
257,636,327,498,2021-06-09 08:27 AM,0.0,,,4753,data,,0
258,89,119,693,2021-09-09 12:20 AM,0.0,283,,,call,incoming,1
259,870,1058,514,2021-03-09 02:48 PM,0.0,,1,,sms,incoming,1
260,752,1365,843,2021-03-09 03:29 PM,78150.0,,,1042,data,,0
261,588,796,671,2021-08-09 06:30 PM,0.0,294,,,call,outgoing,0
262,831,1231,41,2021-09-09 08:12 PM,81600.0,,,2040,data,,0
263,921,1194,68,2021-11-09 10:11 PM,0.0,,,1249,data,,0
264,997,886,227,2021-04-09 12:29 PM,463540.0,,,4214,data,,0
265,108,56,314,2020-02-10 02:33 AM,0.0,28,,,call,incoming,0
266,359,764,177,2020-02-10 03:19 AM,0.0,231,,,call,incoming,0
267,187,758,674,2020-03-10 03:24 AM,0.0,,1,,sms,outgoing,1
268,8,907,995,2020-07-10 04:33 AM,0.0,126,,,call,incoming,0
269,165,32,153,2020-05-10 06:13 AM,0.0,247,,,call,outgoing,0
270,73,285,1360,2020-10-10 07:48 AM,0.0,271,,,call,outgoing,0
271,449,114,722,2020-05-10 07:49 AM,132660.0,,,1474,data,,0
272,863,520,965,2020-07-10 08:28 AM,0.0,171,,,call,incoming,0
273,234,646,333,2020-11-10 10:58 AM,0.0,238,,,call,incoming,0
274,107,1003,493,2020-10-10 12:11 AM,0.0,201,,,call,outgoing,1
275,362,683,880,2020-05-10 01:08 PM,0.0,294,,,call,incoming,0
276,690,920,976,2020-12-10 01:26 PM,0.3,19,,,call,outgoing,0
277,135,1129,952,2020-02-10 01:27 PM,0.0,,1,,sms,outgoing,0
278,964,1062,191,2020-08-10 04:14 PM,0.0,267,,,call,outgoing,1
279,577,430,58,2020-12-10 04:19 PM,0.0,40,,,call,incoming,0
280,902,1154,263,2020-07-10 04:53 PM,0.0,,1,,sms,outgoing,0
281,509,667,882,2020-01-10 06:37 PM,0.0,168,,,call,incoming,1
282,439,392,288,2020-03-10 07:43 PM,0.0,,1,,sms,outgoing,0
283,446,285,1230,2020-03-10 09:45 PM,0.0,78,,,call,incoming,1
284,237,463,848,2020-02-10 11:03 PM,0.0,,1,,sms,outgoing,0
285,797,664,1086,2021-10-10 01:27 AM,0.0,219,,,call,outgoing,0
286,359,1207,1372,2021-06-10 02:04 AM,0.0,,1,,sms,outgoing,0
287,497,433,879,2021-01-10 02:51 AM,0.0,159,,,call,incoming,0
288,396,965,193,2021-10-10 05:23 AM,0.0,94,,,call,incoming,0
289,174,88,915,2021-12-10 06:51 AM,1.2,217,,,call,outgoing,1
290,690,398,754,2021-02-10 07:05 AM,0.6,90,,,call,incoming,0
291,716,1177,652,2021-04-10 07:28 AM,0.0,220,,,call,incoming,1
292,579,736,800,2021-04-10 07:58 AM,0.0,236,,,call,incoming,0
293,145,1375,165,2021-08-10 08:27 AM,0.0,216,,,call,outgoing,0
294,608,879,734,2021-08-10 08:36 AM,0.0,108,,,call,incoming,0
295,607,644,1167,2021-11-10 09:45 AM,0.0,170,,,call,incoming,0
296,107,631,450,2021-05-10 02:27 PM,0.0,165,,,call,incoming,0
297,84,647,864,2021-06-10 02:55 PM,0.0,28,,,call,outgoing,1
298,365,804,392,2021-03-10 05:16 PM,1.5,271,,,call,incoming,0
299,835,826,1345,2021-10-10 07:19 PM,225.60000000000002,,,4512,data,,0
300,128,538,577,2021-07-10 08:06 PM,0.0,,1,,sms,outgoing,1
301,131,1087,812,2021-08-10 09:17 PM,0.0,,1,,sms,outgoing,0
302,554,443,269,2021-10-10 09:53 PM,0.0,248,,,call,incoming,0
303,266,939,252,2020-12-11 01:08 AM,101040.0,,,2526,data,,0
304,878,1350,396,2020-01-11 01:30 AM,0.0,192,,,call,outgoing,0
305,601,341,1246,2020-11-11 02:25 AM,0.02,,1,,sms,outgoing,0
306,51,123,990,2020-02-11 02:55 AM,0.0,13,,,call,outgoing,0
307,966,1058,630,2020-07-11 03:00 AM,0.0,218,,,call,outgoing,0
308,355,1012,966,2020-09-11 04:43 AM,1.2,219,,,call,outgoing,1
309,221,978,1395,2020-02-11 05:20 AM,0.0,,,4657,data,,0
310,387,1311,1360,2020-01-11 06:09 AM,0.0,45,,,call,outgoing,0
311,868,628,332,2020-04-11 06:21 AM,0.0,228,,,call,incoming,1
312,737,11,1312,2020-01-11 06:56 AM,0.0,272,,,call,incoming,0
313,123,1257,1325,2020-10-11 07:51 AM,0.0,104,,,call,outgoing,0
314,21,1098,107,2020-08-11 08:40 AM,0.0,20,,,call,incoming,1
315,925,711,703,2020-06-11 09:56 AM,0.0,230,,,call,incoming,0
316,386,1057,613,2020-03-11 11:12 AM,0.0,189,,,call,incoming,1
317,960,591,197,2020-07-11 02:52 PM,408210.0,,,3711,data,,0
318,714,1271,1282,2020-03-11 04:39 PM,0.02,,1,,sms,incoming,1
319,183,11,604,2020-09-11 06:06 PM,132.1,,,2642,data,,0
320,302,397,1229,2020-03-11 08:38 PM,400070.0,,,3637,data,,0
321,323,1290,1166,2020-08-11 08:54 PM,0.0,219,,,call,incoming,0
322,77,764,621,2020-03-11 09:28 PM,0.0,172,,,call,incoming,0
323,242,218,1257,2020-10-11 09:31 PM,0.0,249,,,call,incoming,0
324,898,822,1099,2020-05-11 10:05 PM,345450.0,,,4606,data,,1
325,105,1095,393,2021-03-11 02:15 AM,0.0,,,3557,data,,0
326,640,1378,1055,2021-04-11 02:42 AM,0.0,268,,,call,incoming,0
327,472,420,1260,2021-03-11 03:40 AM,0.0,124,,,call,incoming,0
328,894,712,393,2021-08-11 10:52 AM,231.20000000000002,,,4624,data,,0
329,690,790,1263,2021-07-11 01:35 PM,0.6,73,,,call,outgoing,1
330,837,63,341,2021-10-11 03:04 PM,0.0,149,,,call,outgoing,1
331,130,242,811,2021-12-11 05:17 PM,0.0,211,,,call,outgoing,1
332,714,674,1276,2021-05-11 05:25 PM,0.02,,1,,sms,outgoing,1
333,951,496,77,2021-11-11 06:08 PM,0.0,,1,,sms,incoming,1
334,119,144,734,2021-07-11 06:22 PM,0.0,208,,,call,incoming,0
335,945,372,1182,2021-06-11 06:44 PM,0.0,62,,,call,outgoing,0
336,969,1355,17,2021-10-11 07:38 PM,0.0,,,2699,data,,0
337,584,1006,292,2021-07-11 07:59 PM,0.0,,,4690,data,,0
338,932,384,97,2020-06-12 02:53 AM,0.0,256,,,call,outgoing,1
339,365,7,732,2020-03-12 03:38 AM,0.8999999999999999,124,,,call,outgoing,0
340,92,1081,997,2020-05-12 04:22 AM,0.0,248,,,call,incoming,0
341,253,813,622,2020-10-12 06:35 AM,0.0,190,,,call,outgoing,1
342,365,1237,1095,2020-01-12 07:18 AM,1.5,244,,,call,incoming,0
343,27,455,405,2020-05-12 07:34 AM,0.0,93,,,call,outgoing,0
344,190,1009,1021,2020-10-12 07:36 AM,292500.0,,,3250,data,,0
345,287,1338,33,2020-02-12 12:32 AM,0.0,,1,,sms,incoming,0
346,365,1233,1248,2020-09-12 01:21 PM,1.5,241,,,call,incoming,1
347,789,890,493,2020-01-12 04:59 PM,105480.0,,,1172,data,,0
348,144,839,521,2020-02-12 08:10 PM,303900.0,,,4052,data,,0
349,453,574,314,2020-06-12 10:22 PM,0.0,87,,,call,outgoing,0
350,363,1059,221,2020-11-12 11:35 PM,0.8999999999999999,149,,,call,outgoing,0
351,691,827,241,2020-10-12 11:54 PM,0.0,157,,,call,incoming,0
352,918,348,82,2020-05-12 11:56 PM,0.0,62,,,call,outgoing,0
353,885,187,507,2021-09-12 01:00 AM,0.0,127,,,call,outgoing,1
354,512,298,444,2021-10-12 04:32 AM,0.0,148,,,call,outgoing,0
355,31,1164,690,2021-07-12 05:57 AM,0.0,,1,,sms,outgoing,0
356,71,536,1321,2021-03-12 06:51 AM,0.0,153,,,call,outgoing,0
357,747,199,317,2021-11-12 07:57 AM,0.6,113,,,call,outgoing,0
358,754,940,308,2021-08-12 08:42 AM,243.75,,,4875,data,,1
359,218,471,135,2021-06-12 09:05 AM,0.0,278,,,call,incoming,1
360,71,199,810,2021-04-12 10:15 AM,0.0,247,,,call,outgoing,0
361,97,1300,1037,2021-02-12 11:25 AM,0.0,,,4834,data,,0
362,242,784,457,2021-12-12 12:19 AM,0.0,,,4693,data,,0
363,805,271,1020,2021-04-12 02:02 PM,0.02,,1,,sms,outgoing,0
364,546,27,293,2021-05-12 02:32 PM,0.0,291,,,call,outgoing,0
365,29,997,558,2021-08-12 02:32 PM,0.0,,,3419,data,,0
366,663,659,796,2021-01-12 03:24 PM,0.0,78,,,call,incoming,0
367,442,350,456,2021-06-12 05:01 PM,214650.0,,,2385,data,,1
368,902,1387,838,2021-10-12 05:22 PM,20800.0,,,520,data,,1
369,818,1320,91,2021-05-12 11:15 PM,198.35000000000002,,,3967,data,,0
370,433,1038,966,2021-09-12 11:19 PM,0.0,153,,,call,incoming,1
371,133,1373,558,2021-09-12 12:14 PM,322425.0,,,4299,data,,1
372,677,1329,778,2021-01-12 12:53 PM,0.02,,1,,sms,outgoing,0
373,331,343,57,2020-12-13 05:03 AM,168210.0,,,1869,data,,0
374,678,89,1005,2020-03-13 05:21 AM,1.5,277,,,call,outgoing,0
375,941,121,150,2020-11-13 05:31 AM,0.6,89,,,call,outgoing,0
376,811,592,1232,2020-08-13 05:50 AM,0.0,37,,,call,incoming,1
377,332,537,604,2020-11-13 10:12 AM,0.0,230,,,call,outgoing,0
378,152,1217,464,2020-10-13 11:33 AM,0.0,256,,,call,outgoing,0
379,678,66,615,2020-07-13 12:04 AM,0.6,97,,,call,outgoing,0
380,322,689,560,2020-12-13 12:18 AM,0.0,166,,,call,outgoing,0
381,75,446,1157,2020-09-13 01:34 PM,0.0,286,,,call,incoming,1
382,128,18,441,2020-01-13 04:26 PM,0.0,,,3056,data,,0
383,593,892,54,2020-09-13 04:34 PM,420750.0,,,4675,data,,1
384,266,798,1370,2020-07-13 05:14 PM,0.0,208,,,call,incoming,1
385,620,608,864,2020-08-13 06:38 PM,0.6,74,,,call,outgoing,0
386,728,601,361,2020-02-13 07:41 PM,0.0,121,,,call,incoming,0
387,58,1052,1368,2020-02-13 09:18 PM,66200.0,,,1655,data,,0
388,841,608,1094,2020-08-13 11:43 PM,0.0,,1,,sms,outgoing,1
389,620,812,1265,2021-10-13 01:25 AM,0.3,45,,,call,outgoing,0
390,844,283,1140,2021-08-13 03:54 AM,0.0,,1,,sms,outgoing,0
391,288,670,383,2021-10-13 05:56 AM,0.0,63,,,call,incoming,0
392,436,1047,654,2021-12-13 06:46 AM,327975.0,,,4373,data,,0
393,457,327,4,2021-02-13 07:28 AM,378510.0,,,3441,data,,0
394,345,837,127,2021-07-13 07:36 AM,0.0,,1,,sms,incoming,1
395,221,1016,347,2021-06-13 08:59 AM,0.0,182,,,call,outgoing,1
396,92,70,1355,2021-03-13 09:09 AM,0.0,,1,,sms,incoming,1
397,356,1219,1334,2021-10-13 12:02 AM,90525.0,,,1207,data,,0
398,270,1269,232,2021-06-13 12:41 AM,0.0,,,1762,data,,1
399,828,729,418,2021-12-13 02:21 PM,0.0,6,,,call,outgoing,0
400,378,824,380,2021-10-13 02:28 PM,155.95000000000002,,,3119,data,,0
401,168,962,1194,2021-05-13 02:59 PM,0.0,40,,,call,incoming,0
402,232,775,1205,2021-11-13 05:15 PM,0.0,,1,,sms,incoming,0
403,963,917,305,2021-02-13 06:50 PM,0.0,287,,,call,outgoing,0
404,174,1259,1290,2021-06-13 07:37 PM,0.3,32,,,call,incoming,0
405,171,144,1194,2021-11-13 07:47 PM,0.0,119,,,call,outgoing,1
406,562,1328,1340,2021-10-13 08:47 PM,0.0,283,,,call,incoming,1
407,661,803,1157,2021-09-13 10:08 PM,47040.0,,,1176,data,,0
408,369,1390,1106,2020-06-14 01:10 AM,0.0,,1,,sms,incoming,0
409,507,724,802,2020-12-14 02:09 AM,0.0,257,,,call,outgoing,0
410,568,858,728,2020-09-14 05:07 AM,0.0,195,,,call,outgoing,0
411,695,1064,348,2020-12-14 05:59 AM,0.0,34,,,call,incoming,0
412,662,1193,1154,2020-07-14 09:07 AM,0.0,,1,,sms,outgoing,0
413,59,44,785,2020-07-14 09:41 AM,127.5,,,2550,data,,0
414,554,1080,725,2020-03-14 09:55 AM,0.0,8,,,call,incoming,0
415,566,230,157,2020-06-14 10:03 AM,0.0,281,,,call,outgoing,0
416,367,529,787,2020-02-14 10:13 AM,0.0,161,,,call,incoming,1
417,351,652,246,2020-10-14 01:18 PM,97950.0,,,1306,data,,0
418,55,669,576,2020-09-14 01:35 PM,181440.0,,,2016,data,,0
419,416,1039,954,2020-03-14 03:10 PM,0.0,74,,,call,incoming,0
420,812,4,403,2020-06-14 07:31 PM,0.02,,1,,sms,outgoing,0
421,728,310,286,2020-05-14 08:44 PM,0.0,106,,,call,incoming,0
422,711,234,441,2020-12-14 09:36 PM,0.0,180,,,call,outgoing,1
423,282,1024,1388,2020-08-14 12:16 PM,0.0,246,,,call,incoming,0
424,676,127,8,2021-12-14 01:04 AM,0.02,,1,,sms,outgoing,0
425,363,233,608,2021-06-14 02:03 AM,0.6,80,,,call,outgoing,0
426,79,400,859,2021-06-14 02:59 AM,0.0,247,,,call,outgoing,0
427,256,673,1391,2021-07-14 05:44 AM,444960.0,,,4944,data,,0
428,579,501,219,2021-08-14 06:45 AM,0.0,,1,,sms,incoming,0
429,174,955,1070,2021-04-14 07:06 AM,0.8999999999999999,161,,,call,outgoing,1
430,888,1024,401,2021-08-14 08:53 AM,184200.0,,,2456,data,,1
431,796,488,825,2021-11-14 10:18 AM,1.2,225,,,call,incoming,1
432,620,633,1171,2021-06-14 12:05 AM,0.6,75,,,call,outgoing,1
433,535,195,1219,2021-03-14 01:26 PM,0.0,266,,,call,outgoing,1
434,533,918,20,2021-06-14 01:45 PM,0.0,61,,,call,outgoing,0
435,262,97,406,2021-03-14 04:05 PM,0.0,74,,,call,incoming,0
436,737,1262,381,2021-02-14 04:31 PM,0.0,68,,,call,outgoing,0
437,729,642,1179,2021-04-14 05:37 PM,0.6,63,,,call,incoming,0
438,661,1166,277,2021-05-14 06:05 PM,0.0,200,,,call,incoming,1
439,906,756,107,2021-12-14 07:32 PM,0.0,122,,,call,outgoing,0
440,620,43,294,2021-07-14 07:56 PM,0.8999999999999999,138,,,call,outgoing,1
441,637,1378,324,2021-12-14 10:10 PM,0.0,26,,,call,incoming,0
442,433,1145,1272,2021-04-14 10:18 PM,159120.0,,,3978,data,,0
443,183,965,135,2021-04-14 12:05 PM,109.4,,,2188,data,,0
444,651,1199,587,2020-06-15 06:00 AM,0.0,229,,,call,outgoing,0
445,354,13,822,2020-01-15 09:54 AM,0.0,,1,,sms,outgoing,0
446,712,1371,282,2020-06-15 10:27 AM,0.0,244,,,call,outgoing,0
447,664,677,473,2020-10-15 01:57 PM,0.0,,1,,sms,outgoing,0
448,807,9,294,2020-02-15 02:16 PM,0.0,,1,,sms,outgoing,0
449,177,1180,542,2020-05-15 03:20 PM,0.0,68,,,call,outgoing,0
450,303,1048,151,2020-10-15 04:08 PM,0.0,,1,,sms,outgoing,0
451,96,256,345,2020-05-15 05:58 PM,0.0,248,,,call,incoming,0
452,409,1217,860,2020-01-15 06:20 PM,0.0,248,,,call,outgoing,0
453,588,985,405,2020-10-15 08:57 PM,0.0,212,,,call,incoming,1
454,346,47,834,2020-12-15 10:55 PM,0.0,197,,,call,incoming,0
455,418,813,54,2020-06-15 11:08 PM,0.0,,1,,sms,incoming,0
456,119,1339,907,2020-11-15 11:12 PM,0.0,,1,,sms,outgoing,0
457,907,1179,198,2020-03-15 11:40 PM,344700.0,,,4596,data,,0
458,367,9,645,2020-11-15 12:39 PM,0.0,251,,,call,outgoing,0
459,964,976,1153,2021-07-15 03:15 AM,0.0,278,,,call,outgoing,0
460,631,1188,695,2021-05-15 06:57 AM,0.0,,,3906,data,,1
461,78,1114,607,2021-09-15 09:03 AM,81920.0,,,2048,data,,1
462,244,501,1066,2021-10-15 12:26 AM,0.0,112,,,call,outgoing,0
463,580,1392,300,2021-08-15 12:35 AM,0.0,124,,,call,outgoing,1
464,110,518,1301,2021-06-15 01:10 PM,361650.0,,,4822,data,,0
465,720,319,68,2021-03-15 01:19 PM,0.0,17,,,call,outgoing,0
466,729,241,620,2021-01-15 02:23 PM,1.5,289,,,call,incoming,1
467,266,1300,111,2021-11-15 02:37 PM,0.0,113,,,call,incoming,1
468,837,436,586,2021-06-15 07:02 PM,0.0,166,,,call,incoming,1
469,747,1147,475,2021-08-15 09:04 PM,0.6,119,,,call,incoming,0
470,76,1130,704,2021-04-15 10:11 PM,0.0,,,2614,data,,0
471,151,685,847,2021-10-15 10:29 PM,0.0,1,,,call,outgoing,0
472,254,36,190,2021-08-15 11:00 PM,248710.0,,,2261,data,,0
473,589,898,863,2021-10-15 11:13 PM,1.5,245,,,call,outgoing,0
474,496,892,775,2021-10-15 12:36 PM,0.0,28,,,call,outgoing,0
475,863,1337,665,2021-08-15 12:55 PM,0.0,,1,,sms,outgoing,0
476,628,866,1157,2020-04-16 05:19 AM,0.0,,1,,sms,incoming,0
477,620,296,1059,2020-10-16 08:41 AM,1.2,214,,,call,incoming,0
478,699,140,464,2020-12-16 08:49 AM,0.0,,1,,sms,outgoing,1
479,576,5,1039,2020-12-16 09:36 AM,0.0,,,884,data,,0
480,145,107,681,2020-01-16 02:34 PM,0.0,103,,,call,outgoing,0
481,729,959,143,2020-03-16 03:13 PM,1.2,232,,,call,outgoing,0
482,700,960,278,2020-08-16 05:21 PM,0.0,66,,,call,incoming,0
483,363,538,1250,2020-05-16 07:31 PM,1.5,266,,,call,outgoing,0
484,668,460,1195,2020-12-16 07:35 PM,0.02,,1,,sms,incoming,0
485,349,17,453,2020-12-16 08:19 PM,0.0,180,,,call,incoming,0
486,295,1077,387,2020-11-16 08:30 PM,0.0,110,,,call,outgoing,0
487,30,762,375,2020-03-16 09:25 PM,127490.0,,,1159,data,,1
488,463,106,485,2020-04-16 09:49 PM,82200.0,,,1096,data,,1
489,9,198,22,2020-07-16 11:50 PM,0.0,,,2327,data,,1
490,709,1095,106,2021-09-16 01:57 AM,0.02,,1,,sms,incoming,1
491,363,1093,602,2021-10-16 02:05 AM,1.5,283,,,call,incoming,0
492,704,902,415,2021-10-16 04:28 AM,0.0,124,,,call,outgoing,0
493,911,726,653,2021-01-16 05:01 AM,0.02,,1,,sms,incoming,0
494,678,352,524,2021-01-16 06:01 AM,1.2,202,,,call,incoming,1
495,732,1327,239,2021-06-16 10:47 AM,0.0,,,3561,data,,0
496,673,1158,191,2021-04-16 11:10 AM,0.0,56,,,call,outgoing,0
497,969,336,225,2021-10-16 12:59 AM,0.0,156,,,call,incoming,0
498,261,1313,1029,2021-02-16 01:36 PM,0.0,57,,,call,outgoing,0
499,153,436,941,2021-03-16 03:34 PM,0.0,20,,,call,outgoing,1
500,183,122,976,2021-09-16 04:21 PM,174.20000000000002,,,3484,data,,0
501,27,964,876,2021-05-16 04:52 PM,0.0,,,2576,data,,1
502,795,1378,1031,2021-04-16 07:39 PM,0.0,,1,,sms,incoming,0
503,617,622,914,2021-08-16 07:46 PM,0.0,,1,,sms,incoming,0
504,619,50,343,2021-01-16 08:27 PM,0.0,148,,,call,incoming,0
505,354,481,774,2021-01-16 10:48 PM,0.0,30,,,call,incoming,1
506,98,633,858,2021-01-16 11:38 PM,0.3,40,,,call,incoming,1
507,756,20,416,2021-11-16 11:59 PM,0.0,206,,,call,incoming,0
508,393,580,388,2021-09-16 12:40 PM,146190.0,,,1329,data,,0
509,694,1112,962,2021-12-16 12:40 PM,0.0,,1,,sms,outgoing,0
510,495,1041,240,2020-08-17 02:34 AM,0.0,252,,,call,outgoing,1
511,46,752,1039,2020-09-17 09:15 AM,0.0,225,,,call,incoming,0
512,187,165,273,2020-03-17 02:19 PM,0.0,194,,,call,outgoing,0
513,292,1180,1172,2020-09-17 08:17 PM,0.0,230,,,call,incoming,1
514,567,892,399,2020-01-17 08:29 PM,0.0,209,,,call,incoming,0
515,609,1204,720,2020-11-17 10:25 PM,0.0,,,4881,data,,0
516,207,313,1320,2020-10-17 10:57 PM,0.0,93,,,call,outgoing,0
517,375,863,186,2020-05-17 11:39 PM,0.0,64,,,call,incoming,0
518,651,58,778,2020-11-17 11:45 PM,0.0,,1,,sms,incoming,1
519,117,849,391,2021-12-17 01:31 AM,42.800000000000004,,,856,data,,1
520,418,1144,183,2021-09-17 02:01 AM,0.0,53,,,call,incoming,1
521,747,294,1126,2021-01-17 03:31 AM,1.2,213,,,call,outgoing,1
522,270,91,1305,2021-08-17 04:03 AM,0.0,15,,,call,outgoing,1
523,126,659,231,2021-02-17 05:31 AM,0.0,,,1073,data,,0
524,491,1070,977,2021-03-17 07:23 AM,198270.0,,,2203,data,,1
525,92,986,1317,2021-10-17 08:35 AM,0.0,106,,,call,incoming,0
526,143,503,419,2021-05-17 11:22 AM,0.0,187,,,call,incoming,0
527,349,927,307,2021-09-17 12:41 AM,0.0,182,,,call,incoming,1
528,408,266,985,2021-10-17 02:35 PM,124080.0,,,1128,data,,0
529,797,148,1385,2021-03-17 02:35 PM,0.0,24,,,call,incoming,0
530,740,382,1230,2021-08-17 03:10 PM,0.0,279,,,call,incoming,0
531,466,997,1113,2021-09-17 04:04 PM,0.0,41,,,call,incoming,0
532,354,1235,435,2021-12-17 04:06 PM,0.0,191,,,call,incoming,0
533,81,223,532,2021-02-17 04:29 PM,0.0,124,,,call,outgoing,0
534,747,144,844,2021-10-17 04:58 PM,0.3,11,,,call,incoming,1
535,662,789,673,2021-09-17 05:21 PM,0.0,145,,,call,incoming,1
536,620,539,1357,2021-08-17 06:58 PM,1.5,291,,,call,outgoing,0
537,860,1115,1269,2021-08-17 07:45 PM,0.0,,1,,sms,incoming,0
538,855,8,579,2021-09-17 07:47 PM,125250.0,,,1670,data,,0
539,672,203,663,2021-08-17 08:34 PM,0.0,299,,,call,outgoing,0
540,472,1031,32,2020-01-18 01:25 AM,0.0,,1,,sms,outgoing,1
541,521,183,865,2020-02-18 01:36 AM,0.0,,,2964,data,,0
542,636,389,435,2020-05-18 02:36 AM,0.0,,,2903,data,,0
543,418,1111,266,2020-12-18 03:12 AM,0.0,150,,,call,incoming,1
544,845,393,1248,2020-08-18 04:06 AM,186040.0,,,4651,data,,0
545,866,145,546,2020-01-18 05:09 AM,356070.0,,,3237,data,,1
546,312,778,540,2020-04-18 07:28 AM,0.0,96,,,call,outgoing,1
547,643,1329,1346,2020-01-18 11:32 AM,0.0,,,4484,data,,1
548,756,734,799,2020-01-18 02:28 PM,0.0,,1,,sms,incoming,1
549,316,168,1269,2020-08-18 02:46 PM,0.0,,,4168,data,,0
550,416,1161,485,2020-05-18 03:55 PM,0.0,123,,,call,incoming,1
551,177,525,1047,2020-05-18 06:40 PM,0.0,88,,,call,incoming,0
552,355,711,686,2020-02-18 06:47 PM,0.3,29,,,call,outgoing,1
553,607,563,1348,2020-01-18 07:45 PM,0.0,79,,,call,incoming,0
554,397,774,818,2020-10-18 10:41 PM,0.3,29,,,call,incoming,1
555,2,1040,244,2021-09-18 01:01 AM,0.0,56,,,call,outgoing,0
556,94,592,825,2021-03-18 02:15 AM,0.0,251,,,call,incoming,0
557,127,265,63,2021-02-18 03:34 AM,248220.0,,,2758,data,,0
558,160,705,1260,2021-04-18 07:56 AM,0.0,,1,,sms,incoming,0
559,947,1151,748,2021-07-18 08:20 AM,0.0,190,,,call,outgoing,1
560,217,350,636,2021-10-18 09:42 AM,0.0,193,,,call,outgoing,0
561,796,1231,633,2021-06-18 02:18 PM,1.5,251,,,call,incoming,0
562,912,769,371,2021-10-18 02:21 PM,0.0,179,,,call,outgoing,0
563,754,1255,481,2021-03-18 03:42 PM,31.6,,,632,data,,1
564,295,840,679,2021-03-18 05:04 PM,0.0,264,,,call,incoming,0
565,203,48,32,2021-07-18 09:42 PM,0.0,,1,,sms,outgoing,1
566,365,1237,382,2021-04-18 10:26 PM,1.5,299,,,call,outgoing,1
567,470,403,353,2021-10-18 12:12 PM,0.0,164,,,call,outgoing,0
568,938,663,365,2020-09-19 02:25 AM,0.0,252,,,call,incoming,0
569,837,275,79,2020-11-19 08:35 AM,0.0,,1,,sms,incoming,0
570,204,65,50,2020-05-19 09:38 AM,0.0,,1,,sms,outgoing,1
571,522,840,177,2020-09-19 11:43 AM,211425.0,,,2819,data,,1
572,949,77,227,2020-11-19 12:22 AM,0.02,,1,,sms,outgoing,0
573,423,1307,1183,2020-04-19 01:15 PM,0.0,273,,,call,outgoing,1
574,964,303,497,2020-06-19 01:24 PM,0.0,230,,,call,incoming,1
575,795,478,735,2020-05-19 02:29 PM,0.0,275,,,call,incoming,1
576,36,1390,142,2020-09-19 03:44 PM,420750.0,,,4675,data,,0
577,496,1033,1053,2020-06-19 04:00 PM,0.0,66,,,call,outgoing,1
578,46,1354,1277,2020-07-19 07:45 PM,0.0,,1,,sms,incoming,0
579,521,139,852,2020-05-19 08:47 PM,0.0,210,,,call,incoming,0
580,185,623,1313,2020-08-19 09:13 PM,0.0,,,3129,data,,1
581,128,756,1270,2020-01-19 10:36 PM,0.0,236,,,call,outgoing,1
582,497,3,567,2020-03-19 11:14 PM,0.0,284,,,call,outgoing,1
583,590,768,1126,2020-10-19 11:31 PM,121160.0,,,3029,data,,0
584,850,995,942,2020-09-19 11:53 PM,0.0,86,,,call,outgoing,0
585,886,600,509,2020-01-19 11:57 PM,0.0,266,,,call,incoming,0
586,421,1391,103,2020-07-19 12:43 PM,241575.0,,,3221,data,,1
587,110,1256,1163,2021-06-19 01:51 AM,121425.0,,,1619,data,,0
588,349,865,113,2021-02-19 03:57 AM,0.0,131,,,call,outgoing,0
589,690,1351,212,2021-10-19 06:48 AM,1.5,271,,,call,outgoing,0
590,708,658,947,2021-03-19 07:54 AM,0.0,,,2542,data,,0
591,225,1209,927,2021-01-19 09:22 AM,0.0,167,,,call,incoming,1
592,300,1228,388,2021-01-19 10:43 AM,0.0,,,1032,data,,0
593,3,1368,440,2021-12-19 12:34 AM,0.0,191,,,call,outgoing,0
594,399,132,82,2021-01-19 01:24 PM,0.0,249,,,call,outgoing,1
595,23,1123,525,2021-06-19 04:55 PM,0.0,88,,,call,incoming,0
596,816,1070,846,2021-03-19 06:13 PM,0.0,181,,,call,outgoing,0
597,878,1285,635,2021-02-19 06:46 PM,0.0,218,,,call,incoming,0
598,133,1244,56,2021-11-19 07:58 PM,72975.0,,,973,data,,0
599,432,280,907,2021-01-19 08:33 PM,0.0,20,,,call,outgoing,0
600,70,1066,558,2021-10-19 12:12 PM,0.0,79,,,call,outgoing,1
601,433,1290,1090,2021-07-19 12:42 PM,0.0,233,,,call,outgoing,1
602,204,1110,443,2020-08-20 01:41 AM,0.0,,1,,sms,outgoing,0
603,311,400,376,2020-12-20 01:58 AM,368325.0,,,4911,data,,0
604,262,777,1383,2020-06-20 02:49 AM,0.0,81,,,call,incoming,0
605,737,1343,288,2020-03-20 03:09 AM,0.0,14,,,call,outgoing,0
606,194,779,226,2020-06-20 04:26 AM,0.0,,,3081,data,,0
607,357,78,129,2020-04-20 05:13 AM,0.0,185,,,call,incoming,0
608,688,1134,642,2020-03-20 05:14 AM,0.0,,1,,sms,outgoing,1
609,633,565,1196,2020-06-20 07:23 AM,0.0,292,,,call,incoming,0
610,224,665,252,2020-02-20 08:58 AM,0.0,91,,,call,incoming,0
611,459,563,707,2020-02-20 10:00 AM,0.0,,1,,sms,incoming,0
612,382,678,967,2020-03-20 03:30 PM,0.0,240,,,call,incoming,0
613,397,1028,208,2020-06-20 04:04 PM,0.3,37,,,call,incoming,1
614,154,126,819,2020-08-20 05:34 PM,0.0,,1,,sms,outgoing,1
615,674,991,734,2020-07-20 07:45 PM,0.0,17,,,call,outgoing,0
616,144,1201,637,2020-11-20 07:51 PM,306825.0,,,4091,data,,1
617,339,632,1030,2020-07-20 12:29 PM,0.0,,1,,sms,incoming,1
618,515,318,1247,2021-05-20 01:18 AM,0.0,276,,,call,outgoing,0
619,496,1171,467,2021-07-20 01:30 AM,0.0,225,,,call,incoming,0
620,118,538,596,2021-12-20 03:05 AM,0.0,38,,,call,outgoing,0
621,513,973,62,2021-01-20 07:51 AM,0.0,,,3996,data,,0
622,818,704,727,2021-04-20 08:14 AM,93.25,,,1865,data,,0
623,493,1336,1027,2021-08-20 10:42 AM,0.0,,,3844,data,,0
624,593,384,1144,2021-10-20 12:24 AM,113220.0,,,1258,data,,0
625,1000,190,1199,2021-02-20 12:54 AM,0.0,,1,,sms,incoming,0
626,620,193,435,2021-08-20 01:28 PM,0.3,3,,,call,incoming,1
627,884,830,298,2021-01-20 06:08 PM,0.0,106,,,call,outgoing,1
628,29,841,105,2021-09-20 06:49 PM,0.0,129,,,call,incoming,0
629,120,161,1121,2021-07-20 08:12 PM,0.0,179,,,call,outgoing,1
630,414,766,546,2021-05-20 09:31 PM,0.0,115,,,call,incoming,0
631,673,1150,1011,2021-09-20 10:08 PM,0.0,,,2889,data,,0
632,51,1328,426,2021-08-20 10:09 PM,0.0,287,,,call,incoming,1
633,418,1294,1063,2020-02-21 02:10 AM,0.0,145,,,call,incoming,1
634,515,605,405,2020-04-21 03:03 AM,0.0,151,,,call,incoming,0
635,620,314,472,2020-03-21 05:24 AM,0.8999999999999999,175,,,call,outgoing,0
636,396,486,159,2020-05-21 05:27 AM,0.0,70,,,call,incoming,1
637,29,217,461,2020-07-21 05:55 AM,0.0,,,3207,data,,0
638,673,572,1102,2020-05-21 06:15 AM,0.0,132,,,call,incoming,1
639,197,796,537,2020-06-21 09:08 AM,0.0,268,,,call,incoming,0
640,140,956,1092,2020-08-21 09:43 AM,0.0,172,,,call,outgoing,0
641,974,202,52,2020-01-21 11:13 AM,0.0,4,,,call,incoming,0
642,33,990,544,2020-03-21 12:27 AM,0.0,51,,,call,outgoing,0
643,802,1396,942,2020-10-21 02:10 PM,82.80000000000001,,,1656,data,,0
644,472,213,1004,2020-04-21 06:45 PM,0.0,124,,,call,incoming,0
645,496,1320,1114,2020-04-21 08:30 PM,0.0,65,,,call,outgoing,0
646,342,706,535,2020-12-21 09:10 PM,1.5,283,,,call,outgoing,1
647,252,908,841,2020-10-21 11:56 PM,363675.0,,,4849,data,,0
648,958,14,538,2020-03-21 12:44 PM,0.0,244,,,call,outgoing,0
649,720,462,1052,2021-07-21 01:37 AM,0.0,231,,,call,outgoing,0
650,566,880,1267,2021-01-21 02:33 AM,0.0,114,,,call,outgoing,1
651,506,745,252,2021-03-21 03:58 AM,220990.0,,,2009,data,,0
652,740,1330,1234,2021-05-21 04:16 AM,0.0,,1,,sms,incoming,0
653,78,785,521,2021-09-21 04:19 AM,92880.0,,,2322,data,,0
654,756,1173,672,2021-04-21 06:06 AM,191640.0,,,4791,data,,0
655,532,1085,483,2021-11-21 09:20 AM,0.0,60,,,call,outgoing,0
656,655,1121,554,2021-01-21 11:02 AM,0.0,,,3269,data,,0
657,589,1215,655,2021-02-21 11:40 AM,1.2,211,,,call,incoming,0
658,850,167,681,2021-10-21 12:35 AM,0.0,,,4994,data,,0
659,56,646,490,2021-02-21 01:48 PM,89910.0,,,999,data,,0
660,355,588,1053,2021-01-21 02:47 PM,1.5,248,,,call,outgoing,0
661,58,501,400,2021-12-21 03:08 PM,0.0,244,,,call,incoming,1
662,830,381,440,2021-03-21 06:40 PM,0.0,,1,,sms,outgoing,0
663,533,567,927,2021-05-21 06:55 PM,0.0,94,,,call,incoming,1
664,523,1011,1075,2021-08-21 07:11 PM,235070.0,,,2137,data,,0
665,711,1066,1231,2021-09-21 07:16 PM,0.0,27,,,call,outgoing,1
666,1,9,1229,2021-10-21 07:17 PM,0.02,,1,,sms,incoming,1
667,316,39,990,2021-01-21 08:09 PM,0.0,,1,,sms,outgoing,0
668,996,662,1378,2021-10-21 11:20 PM,0.0,77,,,call,incoming,0
669,368,1226,953,2021-09-21 12:27 PM,0.0,150,,,call,incoming,1
670,183,606,513,2021-01-21 12:28 PM,123.95,,,2479,data,,0
671,292,868,70,2020-04-22 02:15 AM,189000.0,,,4725,data,,0
672,26,1273,1235,2020-06-22 02:21 AM,0.0,297,,,call,outgoing,1
673,15,1165,314,2020-02-22 02:50 AM,180975.0,,,2413,data,,0
674,397,882,976,2020-05-22 03:58 AM,0.6,95,,,call,outgoing,1
675,57,563,294,2020-05-22 05:53 AM,0.0,22,,,call,incoming,1
676,934,1208,1036,2020-02-22 06:16 AM,166200.0,,,4155,data,,0
677,504,93,720,2020-11-22 07:03 AM,0.0,,1,,sms,incoming,0
678,589,1066,1014,2020-04-22 08:55 AM,0.3,6,,,call,outgoing,0
679,183,866,792,2020-05-22 01:00 PM,52.400000000000006,,,1048,data,,0
680,730,773,158,2020-05-22 01:13 PM,133600.0,,,3340,data,,0
681,15,266,582,2020-07-22 01:22 PM,228375.0,,,3045,data,,0
682,194,31,901,2020-07-22 01:46 PM,0.0,61,,,call,incoming,0
683,729,938,122,2020-12-22 05:47 PM,1.2,224,,,call,incoming,0
684,535,298,885,2020-09-22 06:25 PM,0.0,,,4998,data,,0
685,203,989,34,2020-04-22 07:44 PM,0.0,175,,,call,incoming,1
686,918,1322,1172,2020-04-22 07:52 PM,0.0,,,1787,data,,1
687,746,823,305,2020-09-22 09:06 PM,318150.0,,,4242,data,,1
688,579,195,587,2020-07-22 11:05 PM,0.0,231,,,call,incoming,0
689,356,740,243,2020-10-22 11:18 PM,117225.0,,,1563,data,,0
690,336,1289,870,2020-04-22 11:29 PM,0.0,,,2474,data,,1
691,797,1283,640,2021-05-22 01:14 AM,0.0,213,,,call,incoming,1
692,534,691,812,2021-06-22 02:45 AM,0.0,98,,,call,incoming,0
693,786,76,284,2021-10-22 04:25 AM,0.0,291,,,call,outgoing,1
694,125,293,946,2021-06-22 05:31 AM,0.0,164,,,call,outgoing,1
695,546,62,946,2021-02-22 06:03 AM,0.0,243,,,call,outgoing,1
696,717,1283,1183,2021-08-22 07:14 AM,0.0,,1,,sms,incoming,0
697,195,897,1320,2021-05-22 07:40 AM,0.0,98,,,call,outgoing,1
698,341,343,1053,2021-11-22 07:43 AM,0.0,,1,,sms,incoming,0
699,709,878,1086,2021-12-22 07:55 AM,0.02,,1,,sms,outgoing,0
700,14,912,733,2021-09-22 08:51 AM,0.0,117,,,call,outgoing,0
701,192,1270,1292,2021-04-22 09:27 AM,225000.0,,,3000,data,,1
702,690,1340,1143,2021-01-22 11:27 AM,1.5,252,,,call,incoming,0
703,423,1153,1133,2021-10-22 11:53 AM,0.0,,,4205,data,,0
704,694,766,252,2021-08-22 01:39 PM,0.0,,1,,sms,incoming,1
705,349,1342,301,2021-02-22 02:29 PM,0.0,,1,,sms,outgoing,1
706,609,899,630,2021-02-22 06:36 PM,0.0,70,,,call,outgoing,0
707,661,1006,677,2021-07-22 06:50 PM,0.0,260,,,call,incoming,0
708,423,743,1202,2021-12-22 08:47 PM,0.0,283,,,call,incoming,1
709,533,54,515,2021-11-22 11:38 PM,0.0,239,,,call,incoming,0
710,241,304,931,2021-06-22 12:30 PM,326700.0,,,3630,data,,0
711,690,318,411,2020-06-23 03:15 AM,0.3,8,,,call,incoming,0
712,992,555,1361,2020-02-23 03:30 AM,0.0,194,,,call,incoming,1
713,795,253,1105,2020-05-23 03:52 AM,0.0,40,,,call,incoming,0
714,682,1327,184,2020-09-23 05:28 AM,0.0,158,,,call,incoming,0
715,881,842,1358,2020-09-23 05:41 AM,0.0,,,1174,data,,0
716,822,568,365,2020-07-23 06:00 AM,0.0,123,,,call,outgoing,0
717,615,1326,390,2020-10-23 07:08 AM,45525.0,,,607,data,,0
718,546,365,1164,2020-07-23 07:20 AM,0.0,293,,,call,incoming,1
719,530,857,920,2020-10-23 07:26 AM,0.0,56,,,call,outgoing,0
720,120,1016,791,2020-09-23 08:47 AM,0.0,286,,,call,outgoing,0
721,342,404,318,2020-02-23 08:48 AM,1.2,235,,,call,outgoing,0
722,128,25,919,2020-01-23 09:52 AM,0.0,39,,,call,incoming,0
723,219,696,1144,2020-07-23 12:01 AM,0.0,,1,,sms,outgoing,0
724,498,1291,21,2020-04-23 12:43 AM,0.0,205,,,call,incoming,0
725,344,1118,153,2020-09-23 01:15 PM,0.0,85,,,call,outgoing,0
726,678,753,1035,2020-06-23 01:41 PM,0.8999999999999999,159,,,call,outgoing,1
727,342,1382,1380,2020-08-23 02:26 PM,1.5,297,,,call,outgoing,0
728,296,1241,1265,2020-07-23 03:51 PM,0.0,,1,,sms,outgoing,0
729,76,859,1208,2020-09-23 04:58 PM,0.0,293,,,call,outgoing,1
730,795,1041,133,2020-08-23 06:54 PM,0.0,,1,,sms,outgoing,1
731,21,376,1148,2020-07-23 07:23 PM,0.0,26,,,call,outgoing,1
732,312,1318,563,2020-02-23 09:35 PM,0.0,232,,,call,incoming,0
733,318,1272,780,2020-12-23 10:07 PM,0.0,132,,,call,outgoing,0
734,720,423,306,2020-07-23 10:10 PM,0.0,125,,,call,outgoing,0
735,367,118,1199,2020-06-23 10:54 PM,0.0,169,,,call,outgoing,1
736,370,1045,1313,2021-01-23 02:21 AM,0.0,,1,,sms,outgoing,1
737,76,216,207,2021-02-23 02:44 AM,0.0,246,,,call,incoming,1
738,469,69,1222,2021-08-23 02:52 AM,207900.0,,,2310,data,,0
739,177,113,133,2021-03-23 03:03 AM,136280.0,,,3407,data,,0
740,732,358,601,2021-09-23 03:11 AM,0.0,41,,,call,incoming,0
741,989,103,1169,2021-10-23 03:11 AM,0.0,269,,,call,outgoing,1
742,836,1097,700,2021-10-23 04:30 AM,138450.0,,,1846,data,,1
743,285,17,468,2021-06-23 04:49 AM,356840.0,,,3244,data,,0
744,580,433,1103,2021-04-23 09:48 AM,0.0,140,,,call,incoming,0
745,903,125,1375,2021-10-23 11:46 AM,0.0,11,,,call,incoming,0
746,363,1251,508,2021-05-23 11:50 AM,0.3,29,,,call,incoming,0
747,346,880,1067,2021-10-23 12:22 AM,0.0,121,,,call,incoming,0
748,941,631,572,2021-04-23 01:04 PM,1.2,199,,,call,outgoing,0
749,246,540,788,2021-12-23 01:18 PM,0.0,,1,,sms,outgoing,1
750,661,1399,1260,2021-10-23 02:51 PM,0.0,,1,,sms,outgoing,0
751,969,459,1257,2021-03-23 03:04 PM,0.0,101,,,call,incoming,0
752,617,80,75,2021-11-23 03:33 PM,0.0,,1,,sms,outgoing,1
753,881,41,770,2021-04-23 04:28 PM,0.0,244,,,call,incoming,1
754,839,706,305,2021-03-23 04:42 PM,0.0,,,3097,data,,1
755,974,139,869,2021-12-23 07:46 PM,0.0,208,,,call,outgoing,0
756,618,67,1334,2021-11-23 08:10 PM,0.0,,1,,sms,outgoing,1
757,220,344,397,2021-12-23 08:54 PM,0.0,125,,,call,incoming,0
758,680,410,627,2021-07-23 08:57 PM,0.0,111,,,call,outgoing,1
759,576,1337,679,2021-04-23 09:08 PM,0.0,,1,,sms,incoming,1
760,22,1379,702,2020-07-24 01:04 AM,449550.0,,,4995,data,,0
761,181,1349,538,2020-01-24 01:23 AM,0.0,,,2958,data,,0
762,728,798,433,2020-02-24 05:14 AM,0.0,279,,,call,incoming,0
763,672,1152,1317,2020-05-24 05:38 AM,0.0,,,1117,data,,0
764,165,523,1363,2020-12-24 06:05 AM,0.0,,,4178,data,,1
765,295,1311,1317,2020-05-24 08:17 AM,0.0,,1,,sms,outgoing,0
766,306,1056,496,2020-02-24 09:57 AM,0.0,246,,,call,outgoing,0
767,169,798,141,2020-07-24 10:22 AM,93600.0,,,1040,data,,1
768,994,729,4,2020-04-24 01:57 PM,0.0,204,,,call,incoming,0
769,370,759,550,2020-07-24 03:25 PM,0.0,157,,,call,outgoing,1
770,678,778,82,2020-12-24 05:21 PM,1.2,201,,,call,incoming,1
771,941,477,591,2020-06-24 05:30 PM,0.3,48,,,call,incoming,1
772,674,364,1044,2020-06-24 06:44 PM,0.0,15,,,call,incoming,0
773,266,176,1122,2020-05-24 07:32 PM,89680.0,,,2242,data,,0
774,223,229,147,2020-08-24 08:54 PM,0.0,137,,,call,outgoing,0
775,231,1262,996,2021-07-24 03:03 AM,0.0,210,,,call,outgoing,1
776,143,964,490,2021-08-24 04:39 AM,0.0,154,,,call,incoming,0
777,148,457,248,2021-09-24 04:43 AM,0.0,106,,,call,incoming,1
778,476,447,255,2021-05-24 06:34 AM,0.8999999999999999,135,,,call,outgoing,1
779,663,801,526,2021-01-24 06:46 AM,0.0,60,,,call,outgoing,0
780,605,233,330,2021-05-24 10:15 AM,0.0,127,,,call,incoming,0
781,350,675,579,2021-06-24 12:54 AM,0.0,,1,,sms,outgoing,0
782,411,1108,538,2021-12-24 05:25 PM,0.0,269,,,call,incoming,1
783,533,207,793,2021-11-24 07:35 PM,0.0,128,,,call,outgoing,0
784,967,1021,1069,2021-08-24 07:56 PM,0.0,266,,,call,outgoing,0
785,844,1120,890,2021-07-24 08:07 PM,0.0,79,,,call,outgoing,0
786,493,514,671,2021-08-24 08:43 PM,0.0,,1,,sms,incoming,1
787,31,895,1099,2021-08-24 08:48 PM,0.0,,,2266,data,,0
788,637,1315,642,2021-11-24 09:20 PM,0.0,15,,,call,outgoing,0
789,458,695,437,2021-09-24 09:47 PM,0.0,99,,,call,outgoing,0
790,136,477,718,2021-04-24 10:37 PM,0.0,,1,,sms,outgoing,1
791,589,830,1385,2021-05-24 10:46 PM,0.8999999999999999,131,,,call,outgoing,0
792,346,1354,737,2021-06-24 11:48 PM,0.0,,1,,sms,outgoing,0
793,178,31,204,2020-06-25 01:36 AM,0.0,153,,,call,outgoing,0
794,224,573,717,2020-11-25 02:55 AM,0.0,,,4800,data,,0
795,822,733,21,2020-02-25 09:13 AM,0.0,,,4830,data,,1
796,168,46,755,2020-09-25 10:42 AM,0.0,,,3516,data,,0
797,970,26,916,2020-05-25 01:40 PM,0.0,,1,,sms,incoming,0
798,419,975,883,2020-11-25 02:37 PM,0.0,,,520,data,,0
799,495,1156,932,2020-07-25 04:53 PM,0.0,183,,,call,outgoing,0
800,733,503,383,2020-10-25 05:05 PM,0.0,15,,,call,incoming,0
801,174,770,1106,2020-07-25 08:18 PM,0.8999999999999999,173,,,call,incoming,1
802,682,460,288,2020-06-25 09:15 PM,0.0,6,,,call,outgoing,1
803,418,651,1115,2020-12-25 10:11 PM,0.0,182,,,call,outgoing,0
804,500,311,813,2021-01-25 02:01 AM,187880.0,,,1708,data,,0
805,200,1109,1262,2021-06-25 05:55 AM,0.0,52,,,call,outgoing,0
806,46,301,1292,2021-04-25 06:34 AM,0.0,222,,,call,outgoing,0
807,397,56,45,2021-09-25 08:59 AM,0.8999999999999999,146,,,call,outgoing,1
808,2,917,1116,2021-06-25 10:24 AM,0.0,,,2116,data,,0
809,967,1333,1231,2021-03-25 10:55 AM,0.0,53,,,call,outgoing,1
810,297,222,1374,2021-12-25 01:09 PM,0.0,187,,,call,incoming,0
811,335,505,372,2021-12-25 01:16 PM,0.0,205,,,call,outgoing,1
812,90,1338,984,2021-12-25 02:04 PM,0.0,112,,,call,incoming,0
813,178,800,1075,2021-05-25 02:09 PM,0.0,20,,,call,incoming,1
814,787,515,273,2021-04-25 02:42 PM,0.0,12,,,call,outgoing,0
815,464,190,317,2021-07-25 04:00 PM,0.0,42,,,call,incoming,1
816,576,586,23,2021-02-25 05:17 PM,0.0,,,1953,data,,0
817,456,946,228,2021-11-25 05:31 PM,0.02,,1,,sms,incoming,1
818,240,1180,1297,2021-12-25 06:04 PM,228360.0,,,2076,data,,0
819,365,27,715,2021-10-25 06:45 PM,1.2,191,,,call,incoming,0
820,307,1302,606,2021-03-25 06:59 PM,0.0,,,2449,data,,1
821,900,71,8,2021-02-25 07:20 PM,0.02,,1,,sms,outgoing,0
822,725,1380,525,2021-05-25 09:05 PM,130590.0,,,1451,data,,0
823,520,80,668,2021-10-25 11:14 PM,69.0,,,1380,data,,0
824,168,590,581,2021-04-25 11:33 PM,0.0,166,,,call,outgoing,0
825,727,582,883,2021-01-25 12:09 PM,0.0,122,,,call,outgoing,0
826,511,377,559,2021-10-25 12:27 PM,0.02,,1,,sms,outgoing,1
827,598,722,1034,2020-10-26 01:10 AM,0.0,165,,,call,outgoing,0
828,342,827,625,2020-01-26 03:56 AM,0.3,31,,,call,outgoing,0
829,98,695,401,2020-01-26 05:12 AM,0.6,83,,,call,outgoing,1
830,136,172,1316,2020-05-26 05:32 AM,0.0,275,,,call,incoming,0
831,353,406,279,2020-05-26 06:30 AM,0.0,,,2984,data,,0
832,576,799,899,2020-02-26 06:59 AM,0.0,,1,,sms,incoming,0
833,793,46,361,2020-05-26 07:35 AM,0.0,244,,,call,incoming,0
834,4,955,337,2020-05-26 07:49 AM,0.0,134,,,call,outgoing,1
835,296,121,640,2020-07-26 09:25 AM,0.0,,1,,sms,outgoing,0
836,416,1385,1393,2020-07-26 12:22 AM,0.0,,1,,sms,incoming,1
837,117,207,973,2020-10-26 02:37 PM,174.3,,,3486,data,,1
838,988,634,754,2020-08-26 02:53 PM,56210.0,,,511,data,,0
839,446,1157,394,2020-06-26 02:58 PM,0.0,158,,,call,outgoing,1
840,691,441,1014,2020-02-26 02:59 PM,0.0,,,3756,data,,0
841,363,928,1131,2020-07-26 03:23 PM,0.3,9,,,call,incoming,1
842,766,547,166,2020-05-26 03:29 PM,0.0,224,,,call,outgoing,0
843,428,924,1356,2020-12-26 05:02 PM,0.0,,1,,sms,outgoing,1
844,747,1340,126,2020-02-26 07:14 PM,1.2,188,,,call,outgoing,0
845,316,399,770,2020-09-26 11:54 PM,0.0,,1,,sms,outgoing,0
846,183,43,994,2021-09-26 05:53 AM,240.45000000000002,,,4809,data,,0
847,145,541,1352,2021-02-26 06:50 AM,0.0,170,,,call,outgoing,0
848,437,168,314,2021-06-26 07:35 AM,0.0,37,,,call,outgoing,1
849,476,808,353,2021-03-26 09:30 AM,0.8999999999999999,121,,,call,outgoing,0
850,868,410,449,2021-07-26 12:28 AM,0.0,39,,,call,outgoing,0
851,31,892,1392,2021-10-26 04:17 PM,0.0,200,,,call,outgoing,0
852,330,1291,14,2021-12-26 05:45 PM,0.0,243,,,call,outgoing,0
853,101,9,853,2021-03-26 07:21 PM,0.0,53,,,call,outgoing,0
854,638,511,377,2021-05-26 07:35 PM,0.0,258,,,call,outgoing,1
855,589,1363,810,2021-05-26 08:06 PM,0.6,94,,,call,outgoing,1
856,643,450,772,2021-09-26 09:29 PM,0.0,213,,,call,incoming,1
857,174,619,732,2020-10-27 01:06 AM,0.3,59,,,call,incoming,0
858,959,916,675,2020-05-27 02:50 AM,0.0,,,4000,data,,1
859,517,1086,1335,2020-06-27 02:59 AM,0.0,282,,,call,incoming,1
860,253,1024,1044,2020-11-27 03:47 AM,0.0,238,,,call,outgoing,0
861,75,599,187,2020-06-27 03:59 AM,0.0,252,,,call,outgoing,0
862,365,1357,1298,2020-12-27 04:45 AM,1.5,245,,,call,incoming,0
863,970,1344,1171,2020-03-27 06:15 AM,0.0,122,,,call,outgoing,0
864,163,229,533,2020-03-27 06:34 AM,0.02,,1,,sms,outgoing,1
865,4,333,1279,2020-03-27 07:04 AM,0.0,282,,,call,incoming,1
866,54,986,106,2020-05-27 07:38 AM,0.0,170,,,call,outgoing,1
867,363,1124,393,2020-08-27 08:32 AM,0.3,1,,,call,outgoing,0
868,678,617,346,2020-07-27 09:12 AM,1.2,182,,,call,outgoing,0
869,816,1059,342,2020-06-27 09:42 AM,0.0,86,,,call,outgoing,0
870,316,1277,14,2020-03-27 11:40 AM,0.0,155,,,call,outgoing,1
871,501,410,605,2020-08-27 03:34 PM,0.0,231,,,call,incoming,1
872,149,516,416,2020-01-27 05:44 PM,426690.0,,,4741,data,,1
873,831,790,713,2020-04-27 06:08 PM,0.0,,1,,sms,outgoing,0
874,566,1251,982,2020-11-27 06:09 PM,0.0,,,3012,data,,0
875,969,688,316,2020-02-27 06:35 PM,0.0,258,,,call,incoming,0
876,476,1394,169,2020-07-27 08:29 PM,1.2,204,,,call,incoming,0
877,668,1245,858,2020-09-27 08:43 PM,0.02,,1,,sms,outgoing,0
878,265,1004,19,2020-11-27 10:39 PM,0.0,39,,,call,incoming,0
879,690,871,1381,2021-06-27 01:18 AM,0.3,40,,,call,outgoing,1
880,409,470,61,2021-07-27 01:28 AM,0.0,125,,,call,incoming,1
881,589,682,1130,2021-02-27 03:16 AM,0.6,94,,,call,incoming,0
882,193,1015,651,2021-09-27 05:23 AM,169500.0,,,2260,data,,0
883,18,25,80,2021-08-27 05:48 AM,271950.0,,,3626,data,,0
884,375,35,358,2021-12-27 05:49 AM,0.0,9,,,call,incoming,0
885,369,385,606,2021-01-27 06:42 AM,0.0,,,2196,data,,1
886,34,30,536,2021-02-27 09:59 AM,197280.0,,,2192,data,,0
887,607,52,11,2021-04-27 11:30 AM,0.0,,1,,sms,outgoing,1
888,152,982,156,2021-01-27 01:12 PM,0.0,,1,,sms,outgoing,1
889,31,204,1051,2021-12-27 01:45 PM,0.0,,,2995,data,,0
890,414,752,284,2021-10-27 03:27 PM,0.0,,1,,sms,incoming,0
891,84,1153,1333,2021-01-27 09:24 PM,0.0,,,4621,data,,0
892,170,714,280,2021-08-27 10:11 PM,233100.0,,,3108,data,,1
893,725,466,657,2021-09-27 10:29 PM,305370.0,,,3393,data,,1
894,700,1144,1096,2021-05-27 10:31 PM,0.0,63,,,call,outgoing,0
895,174,1109,212,2020-09-28 02:08 AM,0.8999999999999999,151,,,call,outgoing,1
896,94,822,940,2020-10-28 02:10 AM,0.0,,1,,sms,incoming,0
897,3,44,1012,2020-10-28 04:53 AM,0.0,,,4263,data,,1
898,676,718,849,2020-01-28 06:58 AM,0.02,,1,,sms,outgoing,0
899,846,1282,883,2020-03-28 08:00 AM,0.0,280,,,call,incoming,0
900,84,352,273,2020-11-28 08:21 AM,0.0,264,,,call,incoming,1
901,772,1360,32,2020-05-28 09:05 AM,0.0,,,4329,data,,1
902,360,356,246,2020-08-28 09:38 AM,0.0,157,,,call,incoming,1
903,231,522,1321,2020-06-28 03:03 PM,0.0,110,,,call,incoming,0
904,397,757,1178,2020-07-28 03:33 PM,0.8999999999999999,121,,,call,outgoing,0
905,513,1061,599,2020-02-28 06:54 PM,0.0,,,1142,data,,1
906,938,920,1221,2020-06-28 08:12 PM,0.0,,,1101,data,,0
907,309,815,159,2020-06-28 08:41 PM,0.0,,1,,sms,outgoing,0
908,751,1145,1364,2020-11-28 09:45 PM,0.0,102,,,call,outgoing,0
909,989,231,1354,2020-05-28 11:28 PM,0.0,,1,,sms,incoming,0
910,342,1132,1213,2021-11-28 01:49 AM,1.2,210,,,call,outgoing,0
911,423,47,1204,2021-02-28 02:06 AM,0.0,,,1377,data,,1
912,24,259,1232,2021-03-28 02:36 AM,332025.0,,,4427,data,,0
913,332,537,404,2021-01-28 05:01 AM,0.0,12,,,call,outgoing,0
914,151,921,1051,2021-09-28 07:56 AM,0.0,61,,,call,outgoing,0
915,51,99,1274,2021-11-28 11:04 AM,0.0,117,,,call,outgoing,0
916,301,829,607,2021-11-28 04:04 PM,0.0,,1,,sms,incoming,0
917,310,930,469,2021-07-28 07:29 PM,102080.0,,,2552,data,,0
918,655,175,818,2021-02-28 09:13 PM,0.0,108,,,call,incoming,1
919,109,996,453,2021-08-28 11:16 PM,0.0,217,,,call,incoming,1
920,366,423,1240,2021-04-28 11:42 PM,0.02,,1,,sms,outgoing,1
921,437,671,645,2020-06-29 01:05 AM,0.0,236,,,call,outgoing,0
922,150,615,775,2020-12-29 01:49 AM,0.0,,,2520,data,,1
923,576,913,200,2020-04-29 01:56 AM,0.0,96,,,call,outgoing,0
924,327,707,403,2020-05-29 02:26 AM,0.02,,1,,sms,outgoing,0
925,557,564,883,2020-01-29 04:08 AM,462770.0,,,4207,data,,0
926,620,917,350,2020-10-29 05:57 AM,0.8999999999999999,140,,,call,incoming,0
927,672,1033,1060,2020-01-29 07:02 AM,0.0,292,,,call,incoming,1
928,81,422,410,2020-04-29 09:48 AM,0.0,34,,,call,outgoing,0
929,566,242,202,2020-07-29 11:17 AM,0.0,71,,,call,outgoing,0
930,682,992,1310,2020-10-29 11:33 AM,0.0,201,,,call,incoming,0
931,534,494,1052,2020-09-29 02:43 PM,0.0,217,,,call,incoming,0
932,232,202,113,2020-01-29 05:58 PM,0.0,123,,,call,incoming,0
933,728,806,526,2020-09-29 06:01 PM,148360.0,,,3709,data,,0
934,883,402,955,2020-07-29 07:36 PM,0.0,192,,,call,outgoing,0
935,620,1168,239,2020-10-29 07:55 PM,0.6,108,,,call,outgoing,0
936,643,705,312,2020-10-29 08:25 PM,0.0,165,,,call,outgoing,0
937,589,927,1298,2020-09-29 08:57 PM,0.8999999999999999,175,,,call,outgoing,0
938,508,561,1377,2020-05-29 12:59 PM,0.0,,,3457,data,,0
939,533,902,1282,2021-06-29 05:04 AM,0.0,14,,,call,incoming,1
940,661,1182,60,2021-07-29 06:08 AM,0.0,205,,,call,outgoing,0
941,357,600,146,2021-12-29 06:48 AM,48960.0,,,1224,data,,0
942,15,647,270,2021-09-29 07:54 AM,187050.0,,,2494,data,,0
943,70,1001,740,2021-07-29 10:50 AM,0.0,20,,,call,outgoing,0
944,4,264,595,2021-04-29 12:27 AM,0.0,23,,,call,incoming,0
945,482,884,225,2021-08-29 01:21 PM,0.0,,,4893,data,,0
946,756,180,409,2021-06-29 02:37 PM,0.0,145,,,call,incoming,0
947,98,1353,1094,2021-01-29 03:57 PM,1.2,232,,,call,incoming,1
948,360,1299,64,2021-03-29 09:08 PM,0.0,222,,,call,incoming,0
949,364,1045,990,2021-01-29 09:32 PM,404580.0,,,3678,data,,0
950,194,1035,696,2021-08-29 11:02 PM,0.0,98,,,call,outgoing,0
951,185,43,454,2021-06-29 12:58 PM,0.0,,,4853,data,,1
952,598,612,1141,2020-05-30 02:44 AM,0.0,250,,,call,incoming,0
953,365,579,602,2020-06-30 04:19 AM,1.2,214,,,call,incoming,0
954,290,590,143,2020-11-30 04:29 AM,0.0,172,,,call,outgoing,1
955,673,450,380,2020-08-30 06:52 AM,0.0,190,,,call,incoming,1
956,388,557,623,2020-08-30 08:40 AM,280350.0,,,3738,data,,1
957,10,71,226,2020-05-30 10:05 AM,122.4,,,2448,data,,1
958,921,1072,1147,2020-11-30 03:28 PM,0.0,,1,,sms,outgoing,1
959,584,923,17,2020-11-30 05:53 PM,0.0,,,1678,data,,0
960,818,210,1195,2020-09-30 06:06 PM,226.60000000000002,,,4532,data,,0
961,759,467,21,2021-09-30 01:37 AM,0.0,,,3647,data,,0
962,309,56,883,2021-12-30 03:15 AM,0.0,298,,,call,incoming,0
963,677,837,645,2021-11-30 04:52 AM,0.02,,1,,sms,outgoing,1
964,375,60,419,2021-11-30 06:48 AM,0.0,,1,,sms,incoming,0
965,612,1176,1328,2021-11-30 08:18 AM,0.0,,1,,sms,outgoing,0
966,136,720,1374,2021-01-30 10:22 AM,0.0,113,,,call,outgoing,0
967,563,423,246,2021-04-30 11:00 AM,0.0,22,,,call,incoming,1
968,369,1084,1267,2021-11-30 11:03 AM,0.0,,,3092,data,,0
969,822,259,114,2021-08-30 12:18 AM,0.0,30,,,call,incoming,0
970,818,110,1183,2021-12-30 01:02 PM,39.050000000000004,,,781,data,,1
971,680,1203,974,2021-06-30 02:39 PM,0.0,71,,,call,incoming,1
972,680,838,521,2021-04-30 02:55 PM,0.0,27,,,call,outgoing,0
973,788,1330,707,2021-11-30 04:39 PM,0.0,132,,,call,incoming,1
974,959,7,402,2021-09-30 07:16 PM,0.0,,,2740,data,,0
975,218,131,511,2021-08-30 10:32 PM,0.0,187,,,call,outgoing,1
976,726,165,564,2021-05-30 11:21 PM,187.05,,,3741,data,,0
977,897,1123,914,2021-11-30 11:47 PM,75790.0,,,689,data,,0
978,446,1236,1141,2020-07-31 02:21 AM,0.0,,,4792,data,,0
979,136,1028,1341,2020-10-31 04:42 AM,0.0,,1,,sms,outgoing,0
980,307,190,651,2020-12-31 05:56 AM,0.0,255,,,call,outgoing,0
981,901,475,1151,2020-10-31 11:01 AM,0.0,,1,,sms,outgoing,1
982,750,128,411,2020-01-31 11:17 AM,0.0,47,,,call,incoming,0
983,149,187,466,2020-05-31 11:42 AM,266490.0,,,2961,data,,0
984,496,1044,1020,2020-10-31 07:05 PM,0.0,133,,,call,outgoing,0
985,110,781,523,2020-05-31 07:23 PM,278775.0,,,3717,data,,0
986,453,429,227,2020-05-31 09:20 PM,0.0,,1,,sms,incoming,0
987,479,1151,825,2020-03-31 12:28 PM,0.0,89,,,call,outgoing,1
988,729,594,161,2020-07-31 12:35 PM,1.2,217,,,call,outgoing,1
989,655,208,2,2021-05-31 04:14 AM,0.0,38,,,call,outgoing,0
990,661,588,868,2021-07-31 09:35 AM,0.0,283,,,call,outgoing,1
991,712,1026,668,2021-10-31 01:11 PM,0.0,33,,,call,outgoing,0
992,563,327,275,2021-10-31 01:55 PM,0.0,,,2627,data,,0
993,298,1076,120,2021-10-31 03:53 PM,0.0,216,,,call,incoming,1
994,694,249,834,2021-10-31 05:41 PM,0.0,,1,,sms,incoming,1
995,341,1215,1232,2021-07-31 06:29 PM,0.0,,1,,sms,incoming,0
996,360,711,340,2021-07-31 07:42 PM,0.0,207,,,call,incoming,1
997,294,496,1325,2021-01-31 11:36 PM,0.0,,,1133,data,,1
998,628,1128,68,2021-07-31 12:05 PM,0.0,,,4763,data,,0
999,870,502,784,2021-07-31 12:37 PM,0.0,,1,,sms,outgoing,0
