product_instance_id_pk,customer_id_fk,product_id_fk,activation_date,termination_date,status,distribution_channel
1,1240,15,2020-03-10,2020-05-10,0,Mobile app
2,55,2,2020-09-13,,1,Physical shop
3,1232,3,2021-05-20,,1,Web site
4,1185,1,2021-04-17,,1,Call center
5,726,19,2018-06-09,2018-08-09,0,Web site
6,481,6,2020-06-22,,1,Physical shop
7,681,5,2020-03-05,,1,Call center
8,1241,2,2020-07-02,,1,Web site
9,240,3,2021-08-05,,1,Call center
10,203,13,2019-03-14,2019-05-14,0,Physical shop
11,162,5,2021-05-28,,1,Web site
12,1369,1,2020-09-19,,1,Web site
13,1099,6,2020-06-29,,1,Physical shop
14,413,3,2021-10-11,,1,Mobile app
15,605,5,2020-08-18,,1,Physical shop
16,1084,3,2020-03-04,,1,Physical shop
17,617,6,2020-08-07,,1,Physical shop
18,993,5,2020-04-21,,1,Mobile app
19,179,19,2020-05-02,2020-07-02,0,Mobile app
20,1148,6,2020-07-28,,1,Physical shop
21,251,4,2020-11-11,,1,Physical shop
22,1354,6,2020-04-26,,1,Call center
23,279,3,2021-11-12,,1,Physical shop
24,1189,5,2021-12-06,,1,Physical shop
25,893,5,2021-02-24,,1,Mobile app
26,369,1,2020-10-31,,1,Mobile app
27,1302,2,2021-10-19,,1,Mobile app
28,97,7,2021-09-27,,1,Physical shop
29,461,2,2021-02-27,,1,Physical shop
30,1297,7,2021-02-01,,1,Physical shop
31,837,3,2021-01-24,,1,Web site
32,1351,6,2020-01-02,,1,Physical shop
33,860,2,2020-09-15,,1,Mobile app
34,795,6,2020-09-02,,1,Call center
35,170,6,2020-01-06,,1,Call center
36,717,6,2021-02-26,,1,Web site
37,653,1,2020-08-04,,1,Web site
38,256,5,2020-07-02,,1,Web site
39,852,2,2020-01-25,,1,Physical shop
40,871,16,2020-10-11,2020-11-11,0,Physical shop
41,318,6,2020-09-27,,1,Physical shop
42,577,3,2020-06-03,2020-11-10,0,Call center
43,925,7,2021-02-22,,1,Web site
44,1306,5,2021-11-17,,1,Web site
45,834,2,2021-08-31,,1,Mobile app
46,469,2,2020-09-10,,1,Mobile app
47,783,6,2021-08-11,,1,Call center
48,450,7,2021-01-23,,1,Call center
49,745,7,2021-10-13,,1,Physical shop
50,382,6,2021-05-11,,1,Web site
51,353,3,2020-08-05,,1,Mobile app
52,1094,1,2020-04-12,,1,Physical shop
53,790,6,2021-09-26,,1,Mobile app
54,782,1,2020-03-13,,1,Mobile app
55,1141,6,2020-07-31,,1,Web site
56,356,6,2021-10-11,,1,Physical shop
57,641,4,2021-08-02,,1,Web site
58,682,4,2020-03-12,,1,Web site
59,681,13,2020-11-22,,1,Physical shop
60,931,7,2020-04-26,,1,Web site
61,1234,3,2021-07-14,,1,Web site
62,560,5,2021-10-29,,1,Web site
63,214,1,2021-02-11,,1,Call center
64,459,1,2020-04-19,,1,Call center
65,1089,16,2019-04-19,2019-05-19,0,Mobile app
66,558,3,2020-02-08,,1,Call center
67,586,6,2021-02-19,,1,Physical shop
68,244,6,2021-05-31,,1,Mobile app
69,1059,7,2020-07-03,,1,Web site
70,733,3,2020-02-06,,1,Call center
71,1342,1,2021-09-14,,1,Web site
72,880,7,2020-04-16,2020-10-28,0,Call center
73,531,2,2021-10-26,,1,Physical shop
74,1109,5,2020-07-11,,1,Physical shop
75,348,1,2021-08-11,,1,Mobile app
76,21,2,2021-05-06,,1,Web site
77,383,2,2020-09-13,,1,Physical shop
78,83,4,2021-12-14,,1,Mobile app
79,1296,1,2021-12-28,,1,Call center
80,552,4,2021-12-22,,1,Physical shop
81,957,2,2020-08-04,,1,Physical shop
82,946,19,2019-08-30,2019-09-30,0,Physical shop
83,111,4,2020-10-27,,1,Mobile app
84,1019,1,2021-11-12,,1,Mobile app
85,872,3,2021-11-30,,1,Physical shop
86,1396,7,2020-02-05,,1,Physical shop
87,93,7,2020-11-05,,1,Call center
88,1236,4,2020-04-24,,1,Physical shop
89,425,3,2021-09-05,,1,Physical shop
90,254,1,2021-08-10,,1,Physical shop
91,1200,6,2020-04-09,2021-01-31,0,Call center
92,215,1,2021-12-21,,1,Physical shop
93,510,7,2020-06-29,,1,Web site
94,949,2,2020-08-27,,1,Web site
95,461,6,2020-04-28,2021-02-26,0,Physical shop
96,590,2,2021-03-02,,1,Call center
97,7,1,2020-11-25,,1,Physical shop
98,681,14,2021-10-26,2021-11-26,0,Physical shop
99,272,7,2020-04-28,2021-02-13,0,Physical shop
100,743,1,2020-10-03,,1,Physical shop
101,655,2,2021-02-06,,1,Physical shop
102,39,3,2020-06-17,,1,Physical shop
103,650,5,2021-05-24,,1,Web site
104,1051,4,2021-12-24,,1,Web site
105,1,1,2021-12-11,,1,Web site
106,1240,13,2019-06-26,2019-07-26,0,Web site
107,1301,3,2021-11-29,,1,Physical shop
108,1244,4,2021-11-07,,1,Mobile app
109,1064,2,2021-04-09,,1,Mobile app
110,1114,5,2020-06-20,,1,Mobile app
111,1137,5,2020-07-13,,1,Web site
112,371,2,2021-09-08,,1,Physical shop
113,915,6,2020-06-03,,1,Web site
114,1354,17,2021-09-03,2021-11-03,0,Web site
115,149,6,2021-01-19,,1,Call center
116,1215,7,2021-07-31,,1,Web site
117,215,13,2021-07-19,,1,Physical shop
118,884,3,2020-12-30,,1,Web site
119,935,3,2021-08-29,,1,Physical shop
120,953,2,2021-04-09,,1,Web site
121,696,6,2020-09-30,,1,Physical shop
122,846,3,2020-06-23,,1,Physical shop
123,1010,2,2020-11-11,,1,Call center
124,1195,4,2021-11-10,,1,Physical shop
125,1061,1,2021-06-18,,1,Physical shop
126,111,2,2020-03-30,2020-06-24,0,Mobile app
127,1109,6,2020-02-09,2020-03-31,0,Call center
128,710,1,2020-05-31,,1,Physical shop
129,1396,15,2020-10-20,,1,Physical shop
130,1307,1,2020-04-02,,1,Mobile app
131,591,1,2021-11-11,,1,Call center
132,821,2,2021-07-12,,1,Web site
133,30,5,2020-05-31,,1,Physical shop
134,703,2,2021-09-26,,1,Physical shop
135,25,3,2020-06-30,,1,Call center
136,521,3,2020-08-22,,1,Physical shop
137,914,1,2021-06-08,,1,Web site
138,1069,2,2020-09-04,,1,Physical shop
139,21,8,2020-09-30,,1,Call center
140,494,3,2020-04-19,,1,Web site
141,402,5,2021-05-27,,1,Web site
142,844,6,2021-05-31,,1,Call center
143,1376,1,2021-09-11,,1,Physical shop
144,412,5,2021-10-17,,1,Mobile app
145,855,4,2021-12-06,,1,Physical shop
146,837,20,2020-08-11,2020-09-11,0,Web site
147,1221,6,2021-12-12,,1,Call center
148,490,1,2020-11-23,,1,Web site
149,908,6,2021-01-14,,1,Physical shop
150,1294,3,2020-07-13,,1,Mobile app
151,421,2,2020-08-14,,1,Web site
152,562,4,2020-05-05,,1,Call center
153,95,3,2020-01-11,2020-01-31,0,Web site
154,1002,1,2021-08-24,,1,Physical shop
155,971,17,2020-10-04,2020-11-04,0,Web site
156,948,7,2021-08-08,,1,Physical shop
157,298,6,2021-04-07,,1,Physical shop
158,569,7,2021-07-04,,1,Mobile app
159,679,7,2021-10-30,,1,Physical shop
160,918,3,2020-04-27,,1,Physical shop
161,1128,5,2020-09-11,,1,Physical shop
162,1335,5,2020-02-22,,1,Physical shop
163,97,15,2020-02-24,2020-03-24,0,Physical shop
164,719,5,2021-04-25,,1,Mobile app
165,357,1,2020-04-04,,1,Mobile app
166,20,6,2020-04-11,,1,Physical shop
167,124,5,2021-05-27,,1,Web site
168,956,1,2021-11-12,,1,Physical shop
169,164,6,2021-08-19,,1,Physical shop
170,1122,5,2021-09-04,,1,Call center
171,360,1,2021-11-20,,1,Web site
172,334,12,2020-01-31,2020-03-31,0,Mobile app
173,503,6,2021-10-14,,1,Web site
174,696,14,2021-04-02,,1,Call center
175,1118,6,2021-02-12,,1,Web site
176,931,10,2021-07-30,2021-09-30,0,Web site
177,618,4,2020-11-08,2021-05-12,0,Web site
178,491,2,2020-02-01,2020-04-14,0,Physical shop
179,607,5,2020-04-22,2021-05-21,0,Physical shop
180,654,18,2020-04-05,2020-05-05,0,Web site
181,741,3,2020-02-23,2020-02-25,0,Web site
182,521,5,2020-06-29,2020-07-21,0,Call center
183,679,13,2020-09-21,,1,Physical shop
184,562,15,2021-03-04,,1,Call center
185,84,1,2020-01-21,2020-05-09,0,Web site
186,532,4,2020-01-24,,1,Mobile app
187,698,1,2020-08-31,,1,Call center
188,105,10,2019-07-22,2019-08-22,0,Web site
189,687,7,2021-09-12,,1,Web site
190,410,6,2020-11-13,,1,Physical shop
191,266,6,2020-09-18,,1,Web site
192,184,5,2020-11-08,,1,Physical shop
193,166,5,2020-09-29,,1,Web site
194,1000,3,2021-12-24,,1,Call center
195,793,1,2021-10-29,,1,Physical shop
196,903,6,2020-12-02,,1,Mobile app
197,1039,3,2021-04-08,,1,Physical shop
198,413,3,2020-06-02,2021-10-04,0,Mobile app
199,1391,2,2020-07-12,,1,Mobile app
200,395,2,2021-06-21,,1,Call center
201,540,7,2021-04-04,,1,Physical shop
202,1188,5,2021-05-31,,1,Web site
203,1097,1,2020-04-03,,1,Call center
204,716,2,2020-10-25,,1,Physical shop
205,687,4,2020-06-09,2021-03-02,0,Mobile app
206,608,7,2021-09-04,,1,Mobile app
207,253,3,2020-06-23,,1,Mobile app
208,272,9,2019-01-13,2019-03-13,0,Physical shop
209,938,5,2021-03-03,,1,Physical shop
210,186,5,2021-12-23,,1,Web site
211,22,3,2020-11-01,,1,Physical shop
212,287,3,2020-06-19,,1,Physical shop
213,854,2,2020-02-21,,1,Physical shop
214,898,1,2020-07-21,,1,Physical shop
215,1092,8,2019-12-13,2020-02-13,0,Physical shop
216,325,6,2020-03-16,,1,Physical shop
217,295,3,2021-05-17,,1,Physical shop
218,1389,4,2021-09-07,,1,Call center
219,1143,2,2021-05-14,,1,Physical shop
220,578,1,2020-08-29,,1,Call center
221,929,1,2020-03-01,,1,Physical shop
222,146,4,2021-10-12,,1,Physical shop
223,1258,2,2021-04-26,,1,Physical shop
224,1161,2,2020-10-04,,1,Call center
225,281,4,2020-09-28,,1,Call center
226,960,6,2021-11-14,,1,Call center
227,590,19,2020-06-04,2020-08-04,0,Physical shop
228,274,5,2020-11-19,,1,Web site
229,675,10,2021-01-24,2021-02-24,0,Call center
230,607,2,2020-01-22,2020-02-13,0,Physical shop
231,405,3,2021-04-01,,1,Mobile app
232,740,2,2020-10-12,,1,Call center
233,688,6,2020-12-02,,1,Mobile app
234,202,1,2021-02-16,,1,Physical shop
235,1290,5,2021-01-30,,1,Mobile app
236,858,3,2021-07-02,,1,Mobile app
237,72,3,2020-06-07,,1,Mobile app
238,112,6,2020-09-02,,1,Physical shop
239,108,6,2021-08-11,,1,Web site
240,761,7,2021-09-03,,1,Web site
241,665,6,2021-06-07,,1,Physical shop
242,1377,2,2020-03-18,,1,Mobile app
243,1048,6,2021-02-04,,1,Web site
244,909,4,2020-10-12,,1,Physical shop
245,671,2,2021-06-26,,1,Mobile app
246,323,2,2021-07-02,,1,Web site
247,461,9,2021-09-25,2021-10-25,0,Physical shop
248,427,6,2021-02-06,,1,Physical shop
249,1118,17,2020-09-16,2020-11-16,0,Mobile app
250,438,8,2021-02-15,2021-04-15,0,Web site
251,644,20,2020-10-08,2020-11-08,0,Physical shop
252,104,5,2020-01-19,,1,Mobile app
253,1347,2,2021-10-16,,1,Web site
254,719,7,2020-03-09,2020-05-29,0,Mobile app
255,136,7,2021-03-11,,1,Web site
256,536,6,2021-07-26,,1,Call center
257,34,6,2020-08-30,,1,Physical shop
258,737,1,2021-04-07,,1,Call center
259,738,6,2020-08-07,,1,Physical shop
260,586,12,2020-09-03,,1,Physical shop
261,1278,2,2020-07-27,,1,Physical shop
262,489,3,2021-05-21,,1,Web site
263,732,7,2021-06-28,,1,Physical shop
264,285,2,2020-04-04,2020-05-05,0,Call center
265,600,2,2021-05-07,,1,Call center
266,1044,4,2021-03-13,,1,Web site
267,912,5,2021-11-28,,1,Physical shop
268,286,19,2019-10-19,2019-12-19,0,Call center
269,1239,3,2021-06-12,,1,Web site
270,23,2,2020-03-01,,1,Physical shop
271,945,6,2020-12-21,,1,Web site
272,835,7,2021-04-21,,1,Mobile app
273,851,5,2020-11-04,,1,Physical shop
274,1256,7,2020-05-17,,1,Web site
275,768,6,2021-02-22,,1,Physical shop
276,883,4,2021-12-29,,1,Physical shop
277,371,15,2021-01-20,,1,Physical shop
278,745,20,2020-03-25,2020-04-25,0,Call center
279,202,8,2021-03-25,,1,Physical shop
280,393,6,2021-12-03,,1,Call center
281,808,1,2021-07-19,,1,Physical shop
282,786,4,2021-09-10,,1,Physical shop
283,5,5,2021-11-22,,1,Physical shop
284,265,5,2021-12-15,,1,Physical shop
285,5,7,2021-01-06,2021-07-02,0,Call center
286,1043,7,2020-10-03,,1,Call center
287,92,3,2021-02-09,,1,Physical shop
288,185,2,2020-07-07,,1,Physical shop
289,1324,5,2021-04-01,,1,Web site
290,646,3,2021-10-05,,1,Call center
291,202,18,2020-01-15,2020-02-15,0,Physical shop
292,270,4,2021-06-15,,1,Call center
293,671,10,2020-01-17,2020-03-17,0,Web site
294,1397,3,2021-05-20,,1,Physical shop
295,1067,1,2021-05-31,,1,Physical shop
296,1077,2,2021-05-17,,1,Physical shop
297,1033,4,2021-04-16,,1,Web site
298,401,3,2020-07-13,,1,Mobile app
299,1259,3,2021-07-31,,1,Physical shop
300,958,3,2021-05-14,,1,Web site
301,125,4,2021-02-22,,1,Web site
302,1161,7,2020-01-06,2020-06-27,0,Physical shop
303,902,1,2020-07-10,,1,Physical shop
304,301,6,2020-07-09,,1,Mobile app
305,449,7,2020-01-04,,1,Web site
306,485,3,2020-06-21,,1,Physical shop
307,284,2,2021-03-11,,1,Physical shop
308,1098,6,2021-09-28,,1,Physical shop
309,1212,4,2020-12-25,,1,Call center
310,750,4,2020-03-14,,1,Call center
311,356,5,2020-07-15,2020-12-21,0,Call center
312,994,1,2020-02-27,,1,Call center
313,1053,20,2021-05-30,2021-07-30,0,Web site
314,11,6,2021-09-08,,1,Physical shop
315,1044,11,2020-03-12,2020-04-12,0,Web site
316,91,2,2021-06-08,,1,Physical shop
317,1392,7,2020-04-09,,1,Web site
318,513,1,2021-07-27,,1,Web site
319,73,8,2019-08-07,2019-10-07,0,Call center
320,708,2,2020-09-27,,1,Call center
321,1396,8,2021-08-17,2021-09-17,0,Call center
322,347,1,2020-01-17,,1,Web site
323,964,4,2020-11-14,,1,Physical shop
324,1175,2,2020-01-18,,1,Web site
325,1275,7,2021-12-28,,1,Web site
326,743,9,2021-05-25,2021-06-25,0,Call center
327,30,15,2020-10-15,,1,Call center
328,1097,11,2020-02-08,2020-03-08,0,Physical shop
329,1278,10,2021-08-28,,1,Physical shop
330,663,3,2021-10-04,,1,Mobile app
331,636,6,2021-01-18,,1,Physical shop
332,443,1,2021-12-21,,1,Web site
333,692,5,2020-04-29,,1,Mobile app
334,621,6,2021-04-19,,1,Web site
335,1096,1,2021-11-23,,1,Mobile app
336,289,3,2020-07-21,,1,Mobile app
337,1253,4,2021-09-20,,1,Physical shop
338,246,6,2021-06-19,,1,Physical shop
339,155,1,2021-03-08,,1,Mobile app
340,744,5,2021-08-17,,1,Physical shop
341,645,1,2021-04-22,,1,Call center
342,625,14,2020-03-28,2020-05-28,0,Physical shop
343,282,7,2020-09-02,,1,Web site
344,273,3,2021-02-28,,1,Physical shop
345,324,2,2020-05-25,,1,Physical shop
346,1300,1,2020-11-24,,1,Call center
347,348,20,2021-10-12,,1,Web site
348,173,7,2021-09-05,,1,Physical shop
349,603,4,2020-12-14,,1,Physical shop
350,723,1,2020-12-16,,1,Physical shop
351,320,5,2021-01-26,,1,Web site
352,574,7,2021-11-20,,1,Physical shop
353,1102,1,2021-10-04,,1,Call center
354,437,4,2021-11-15,,1,Mobile app
355,541,14,2020-11-17,2021-01-17,0,Mobile app
356,419,5,2021-11-25,,1,Physical shop
357,1339,4,2021-05-25,,1,Web site
358,328,7,2021-06-22,,1,Mobile app
359,887,1,2020-08-12,,1,Physical shop
360,1194,3,2020-08-02,,1,Web site
361,411,3,2021-11-03,,1,Physical shop
362,1306,4,2020-03-11,2021-02-11,0,Web site
363,782,14,2021-01-22,2021-02-22,0,Mobile app
364,1216,7,2021-06-16,,1,Web site
365,679,14,2020-10-12,,1,Call center
366,83,15,2021-07-12,,1,Mobile app
367,64,1,2021-05-17,,1,Web site
368,567,2,2020-03-28,,1,Mobile app
369,690,1,2021-01-03,,1,Web site
370,758,3,2021-04-21,,1,Web site
371,1367,2,2021-03-13,,1,Web site
372,357,19,2021-10-15,,1,Mobile app
373,249,7,2021-09-29,,1,Web site
374,216,7,2020-08-07,,1,Physical shop
375,559,1,2021-01-27,,1,Web site
376,1374,7,2020-05-02,,1,Call center
377,1214,7,2021-05-09,,1,Physical shop
378,971,13,2020-08-20,2020-09-20,0,Web site
379,267,4,2021-09-22,,1,Web site
380,828,2,2020-02-14,,1,Web site
381,954,3,2021-10-06,,1,Web site
382,1065,1,2021-04-20,,1,Call center
383,507,2,2020-02-07,,1,Web site
384,1109,20,2020-09-11,2020-11-11,0,Physical shop
385,10,5,2020-12-26,,1,Physical shop
386,1284,1,2021-01-20,,1,Web site
387,129,2,2021-11-15,,1,Web site
388,862,5,2021-10-07,,1,Physical shop
389,732,20,2021-01-23,,1,Physical shop
390,721,5,2020-01-30,,1,Web site
391,449,7,2020-01-01,2020-01-03,0,Web site
392,32,10,2021-03-15,2021-05-15,0,Mobile app
393,278,7,2021-07-18,,1,Physical shop
394,36,5,2021-09-29,,1,Physical shop
395,1038,7,2020-05-05,,1,Call center
396,526,3,2021-03-08,2021-07-25,0,Call center
397,1240,14,2019-08-28,2019-09-28,0,Mobile app
398,929,8,2021-06-01,,1,Call center
399,1197,3,2021-11-07,,1,Physical shop
400,1323,6,2020-11-09,,1,Web site
401,934,5,2020-02-14,,1,Physical shop
402,562,6,2020-01-11,2020-03-10,0,Physical shop
403,532,17,2020-06-22,2020-07-22,0,Mobile app
404,810,15,2019-06-04,2019-07-04,0,Mobile app
405,878,1,2020-11-22,,1,Web site
406,663,17,2020-03-06,2020-04-06,0,Web site
407,993,9,2020-08-24,2020-09-24,0,Call center
408,139,7,2020-10-27,,1,Physical shop
409,927,2,2020-03-14,,1,Physical shop
410,764,2,2021-06-03,,1,Mobile app
411,882,4,2020-07-02,,1,Mobile app
412,857,1,2020-08-24,,1,Call center
413,408,6,2021-03-25,,1,Web site
414,991,3,2020-01-01,,1,Mobile app
415,619,5,2020-07-25,,1,Web site
416,306,2,2020-12-20,,1,Physical shop
417,770,5,2020-09-12,,1,Web site
418,207,3,2020-03-13,,1,Physical shop
419,412,1,2020-12-25,2021-01-09,0,Physical shop
420,236,5,2021-11-27,,1,Physical shop
421,1078,5,2020-06-10,,1,Web site
422,977,6,2020-11-09,,1,Physical shop
423,167,3,2021-08-15,,1,Web site
424,867,6,2020-05-31,2020-07-12,0,Web site
425,1216,15,2021-10-01,,1,Web site
426,1092,18,2020-12-12,2021-01-12,0,Call center
427,544,7,2021-08-04,,1,Call center
428,921,4,2020-03-31,2020-12-27,0,Physical shop
429,348,19,2020-05-11,2020-07-11,0,Web site
430,871,7,2020-07-26,2020-08-22,0,Call center
431,957,19,2021-04-19,2021-05-19,0,Call center
432,234,1,2021-09-13,,1,Web site
433,592,4,2021-12-07,,1,Physical shop
434,974,3,2021-04-29,2021-05-24,0,Call center
435,106,7,2021-12-27,,1,Call center
436,273,5,2020-04-06,2020-08-29,0,Physical shop
437,321,3,2021-05-11,,1,Web site
438,1015,7,2020-08-29,,1,Physical shop
439,444,4,2021-05-03,,1,Mobile app
440,949,5,2020-01-04,2020-02-04,0,Web site
441,220,1,2020-08-26,,1,Web site
442,1279,6,2021-05-13,,1,Web site
443,348,11,2020-07-25,,1,Call center
444,671,19,2021-04-10,,1,Mobile app
445,365,6,2020-05-15,,1,Physical shop
446,611,3,2021-05-03,,1,Call center
447,945,11,2020-02-12,2020-03-12,0,Web site
448,1214,19,2021-01-11,,1,Physical shop
449,1153,6,2021-12-20,,1,Call center
450,513,11,2020-11-11,2020-12-11,0,Web site
451,1138,7,2020-08-31,,1,Mobile app
452,616,1,2020-05-22,,1,Physical shop
453,644,2,2020-04-19,2020-05-28,0,Call center
454,114,6,2021-01-01,,1,Physical shop
455,1002,2,2020-01-10,2020-10-08,0,Call center
456,526,15,2019-09-10,2019-11-10,0,Physical shop
457,527,7,2020-10-28,,1,Web site
458,122,1,2021-11-13,,1,Call center
459,982,1,2020-07-26,,1,Call center
460,78,3,2020-10-17,,1,Web site
461,609,5,2021-10-18,,1,Physical shop
462,358,7,2020-07-19,,1,Physical shop
463,504,5,2020-10-02,,1,Call center
464,919,3,2021-05-01,,1,Physical shop
465,905,2,2021-04-29,,1,Web site
466,753,1,2020-10-06,,1,Physical shop
467,149,15,2020-03-16,2020-04-16,0,Call center
468,108,6,2020-12-25,2021-04-11,0,Web site
469,418,6,2021-10-11,,1,Call center
470,1238,4,2020-04-13,,1,Physical shop
471,968,5,2020-05-21,,1,Mobile app
472,420,4,2021-12-09,,1,Web site
473,413,12,2020-01-16,2020-02-16,0,Mobile app
474,897,1,2021-10-23,,1,Physical shop
475,830,2,2021-04-23,,1,Physical shop
476,1377,14,2021-07-11,,1,Mobile app
477,481,10,2021-09-05,2021-11-05,0,Physical shop
478,1047,7,2021-02-16,,1,Physical shop
479,1248,3,2020-07-02,,1,Physical shop
480,460,7,2020-04-07,,1,Physical shop
481,1000,19,2021-02-27,2021-04-27,0,Physical shop
482,1112,3,2020-02-01,,1,Web site
483,470,5,2021-05-16,,1,Call center
484,534,5,2021-10-02,,1,Call center
485,210,5,2021-12-08,,1,Call center
486,1373,5,2020-01-11,,1,Physical shop
487,429,6,2021-01-02,,1,Physical shop
488,1003,1,2021-10-15,,1,Call center
489,465,3,2020-10-30,,1,Physical shop
490,151,6,2021-10-27,,1,Call center
491,416,6,2021-01-02,,1,Call center
492,1011,7,2020-08-30,,1,Call center
493,825,1,2020-10-22,,1,Physical shop
494,1195,11,2021-08-17,2021-10-17,0,Physical shop
495,267,2,2021-05-24,2021-09-15,0,Web site
496,1372,4,2020-04-08,,1,Mobile app
497,833,3,2020-10-28,,1,Physical shop
498,161,4,2021-12-16,,1,Web site
499,345,6,2021-08-20,,1,Physical shop
500,212,7,2020-12-12,,1,Physical shop
501,930,2,2021-09-28,,1,Physical shop
502,665,19,2021-02-01,2021-03-01,0,Physical shop
503,1048,15,2021-04-04,,1,Web site
504,615,3,2020-03-02,2020-05-04,0,Call center
505,234,9,2021-10-18,,1,Web site
506,194,7,2020-03-11,,1,Physical shop
507,1022,4,2020-11-08,,1,Web site
508,602,3,2020-01-06,,1,Physical shop
509,1081,1,2020-05-07,,1,Web site
510,533,7,2020-10-16,,1,Physical shop
511,567,15,2021-03-31,2021-04-30,0,Mobile app
512,1124,3,2020-02-05,,1,Physical shop
513,1020,2,2021-02-14,,1,Physical shop
514,1390,7,2021-04-24,,1,Web site
515,513,2,2020-07-22,2021-01-03,0,Web site
516,603,20,2021-01-30,2021-02-28,0,Physical shop
517,1190,4,2020-01-14,,1,Call center
518,68,5,2021-07-04,,1,Physical shop
519,1372,7,2020-01-11,2020-02-11,0,Web site
520,608,13,2020-12-06,2021-01-06,0,Web site
521,1361,3,2020-08-21,,1,Physical shop
522,93,5,2020-01-27,2020-03-11,0,Physical shop
523,168,7,2020-04-09,,1,Physical shop
524,908,2,2020-03-13,2020-07-10,0,Call center
525,1081,12,2020-05-20,,1,Web site
526,519,5,2020-09-03,,1,Call center
527,1156,2,2020-03-11,,1,Call center
528,54,4,2020-07-24,,1,Physical shop
529,1306,12,2020-07-11,2020-08-11,0,Call center
530,190,2,2020-01-30,,1,Physical shop
531,332,7,2021-12-16,,1,Web site
532,223,1,2021-07-10,,1,Physical shop
533,391,2,2020-10-03,,1,Web site
534,575,1,2021-05-03,,1,Mobile app
535,848,1,2021-03-16,,1,Physical shop
536,124,12,2021-02-25,2021-03-25,0,Web site
537,1225,7,2021-03-04,,1,Physical shop
538,314,5,2021-10-09,,1,Web site
539,50,6,2021-04-16,,1,Physical shop
540,88,20,2020-11-13,2020-12-13,0,Physical shop
541,914,19,2020-03-09,2020-04-09,0,Web site
542,728,5,2020-01-21,,1,Physical shop
543,765,1,2021-10-15,,1,Web site
544,835,7,2020-01-01,2021-02-27,0,Web site
545,75,6,2021-02-21,,1,Web site
546,284,3,2020-06-02,2020-11-05,0,Physical shop
547,310,7,2021-03-22,,1,Web site
548,80,7,2021-05-29,,1,Web site
549,304,6,2021-11-10,,1,Web site
550,698,6,2020-01-31,2020-03-18,0,Physical shop
551,258,6,2021-07-17,,1,Call center
552,23,6,2020-01-18,2020-01-27,0,Physical shop
553,1151,7,2021-10-04,,1,Call center
554,976,2,2020-01-18,,1,Physical shop
555,1031,7,2021-10-12,,1,Web site
556,1122,12,2021-02-08,2021-03-08,0,Physical shop
557,27,7,2020-07-17,,1,Web site
558,344,5,2020-02-22,,1,Physical shop
559,1226,6,2021-09-01,,1,Physical shop
560,840,2,2020-06-25,,1,Mobile app
561,974,17,2019-07-13,2019-08-13,0,Physical shop
562,595,1,2020-05-24,2020-05-28,0,Mobile app
563,85,3,2020-04-03,2020-05-06,0,Web site
564,578,17,2020-01-19,2020-03-19,0,Physical shop
565,19,6,2021-04-25,,1,Physical shop
566,319,1,2021-07-17,,1,Physical shop
567,947,3,2020-04-25,,1,Mobile app
568,1161,2,2020-01-05,2020-01-06,0,Call center
569,1195,20,2021-09-26,2021-10-26,0,Physical shop
570,761,17,2021-03-21,,1,Web site
571,78,9,2021-10-02,2021-12-02,0,Web site
572,845,6,2021-02-28,,1,Call center
573,698,9,2020-04-18,2020-05-18,0,Physical shop
574,861,1,2020-02-10,,1,Mobile app
575,93,6,2020-01-19,2020-01-26,0,Physical shop
576,1332,3,2021-12-22,,1,Web site
577,624,3,2020-09-15,,1,Physical shop
578,138,7,2020-11-13,,1,Physical shop
579,368,4,2020-03-19,,1,Web site
580,1322,2,2021-05-13,,1,Physical shop
581,1098,13,2020-05-29,2020-06-29,0,Physical shop
582,1386,20,2020-02-04,2020-04-04,0,Physical shop
583,1135,6,2020-02-20,,1,Physical shop
584,6,3,2020-03-29,,1,Web site
585,1276,6,2020-12-11,,1,Physical shop
586,477,6,2021-11-25,,1,Physical shop
587,1367,16,2021-10-08,2021-12-08,0,Web site
588,261,1,2021-08-01,,1,Physical shop
589,762,14,2018-12-24,2019-01-24,0,Physical shop
590,334,4,2020-05-12,2020-05-25,0,Call center
591,809,1,2021-02-17,,1,Mobile app
592,739,5,2020-04-17,,1,Physical shop
593,664,6,2021-04-20,,1,Web site
594,908,12,2021-02-14,2021-03-14,0,Call center
595,274,7,2020-02-28,2020-04-25,0,Mobile app
596,883,10,2020-09-23,,1,Physical shop
597,429,15,2021-07-15,2021-09-15,0,Physical shop
598,817,3,2021-01-19,,1,Call center
599,310,18,2021-01-07,,1,Web site
600,1300,18,2021-08-08,2021-09-08,0,Call center
601,977,15,2020-12-21,2021-01-21,0,Physical shop
602,421,17,2021-04-12,2021-05-12,0,Mobile app
603,1073,5,2021-06-23,,1,Physical shop
604,261,12,2021-03-12,2021-04-12,0,Web site
605,424,2,2021-01-22,,1,Call center
606,301,1,2020-05-09,2020-06-17,0,Mobile app
607,564,4,2021-04-26,,1,Physical shop
608,1261,2,2020-09-01,,1,Call center
609,54,1,2020-03-06,2020-06-28,0,Call center
610,1372,15,2020-03-27,2020-05-27,0,Web site
611,1318,2,2020-10-07,,1,Web site
612,805,4,2021-06-14,,1,Web site
613,884,16,2021-03-20,,1,Web site
614,309,2,2020-07-18,,1,Physical shop
615,1050,5,2021-02-24,,1,Call center
616,439,7,2021-05-09,,1,Web site
617,1154,1,2021-08-17,,1,Mobile app
618,1111,4,2021-10-05,,1,Physical shop
619,1129,3,2021-06-08,,1,Physical shop
620,151,14,2020-10-19,2020-11-19,0,Physical shop
621,249,5,2021-02-20,2021-07-05,0,Web site
622,496,6,2021-07-26,,1,Physical shop
623,256,8,2020-12-05,,1,Web site
624,443,20,2020-06-23,,1,Web site
625,638,6,2020-08-04,,1,Mobile app
626,172,6,2020-07-20,,1,Web site
627,154,7,2021-12-21,,1,Call center
628,537,2,2021-02-06,,1,Physical shop
629,1349,19,2018-04-08,2018-06-08,0,Web site
630,207,7,2020-01-03,2020-01-26,0,Physical shop
631,86,2,2020-10-01,,1,Physical shop
632,121,4,2020-07-12,,1,Web site
633,223,3,2020-03-17,2020-05-31,0,Physical shop
634,1198,7,2020-05-28,,1,Physical shop
635,1100,7,2020-06-22,2021-08-18,0,Web site
636,1273,2,2021-07-31,,1,Mobile app
637,890,2,2021-02-20,,1,Call center
638,1123,1,2020-01-27,2020-09-17,0,Physical shop
639,906,6,2020-05-19,,1,Physical shop
640,760,2,2020-12-06,,1,Web site
641,1207,20,2019-09-17,2019-10-17,0,Physical shop
642,206,5,2020-01-18,,1,Physical shop
643,856,2,2020-11-25,,1,Web site
644,377,6,2020-07-25,,1,Web site
645,84,12,2018-09-13,2018-10-13,0,Web site
646,1175,9,2021-01-03,2021-03-03,0,Mobile app
647,9,7,2021-06-13,,1,Web site
648,105,7,2020-06-14,2020-09-19,0,Mobile app
649,1375,5,2020-01-23,,1,Physical shop
650,747,5,2021-08-24,,1,Physical shop
651,353,2,2020-05-07,2020-07-18,0,Web site
652,808,8,2020-10-03,2020-11-03,0,Web site
653,320,19,2020-04-27,2020-05-27,0,Web site
654,1144,6,2021-08-24,,1,Web site
655,572,3,2020-01-22,2020-02-04,0,Call center
656,733,19,2020-04-11,2020-05-11,0,Call center
657,1004,2,2021-12-24,,1,Mobile app
658,1085,6,2021-06-10,,1,Web site
659,122,17,2020-02-24,2020-04-24,0,Physical shop
660,1184,5,2020-03-07,,1,Web site
661,865,4,2021-03-17,,1,Physical shop
662,769,3,2021-05-06,,1,Call center
663,816,4,2021-03-21,,1,Web site
664,440,2,2020-09-06,,1,Physical shop
665,998,2,2021-04-13,,1,Mobile app
666,1083,7,2020-04-10,,1,Mobile app
667,978,11,2020-03-03,2020-04-03,0,Mobile app
668,654,15,2020-11-06,2020-12-06,0,Web site
669,25,1,2020-02-01,2020-03-25,0,Physical shop
670,1289,19,2019-07-28,2019-09-28,0,Mobile app
671,451,7,2021-11-01,,1,Physical shop
672,110,3,2020-01-01,,1,Call center
673,1076,3,2021-05-29,,1,Web site
674,1062,2,2020-02-03,,1,Mobile app
675,248,2,2020-09-21,,1,Call center
676,1321,15,2018-07-27,2018-09-27,0,Web site
677,1083,15,2021-04-25,2021-05-25,0,Web site
678,1372,14,2021-03-21,,1,Web site
679,409,9,2019-06-24,2019-08-24,0,Physical shop
680,1062,3,2020-01-01,2020-01-15,0,Web site
681,69,6,2020-05-28,,1,Web site
682,1138,4,2020-02-08,2020-08-25,0,Mobile app
683,856,5,2020-01-08,2020-11-19,0,Physical shop
684,607,12,2018-06-17,2018-07-17,0,Call center
685,383,6,2020-01-11,2020-07-05,0,Call center
686,264,7,2020-06-03,,1,Web site
687,1306,19,2020-01-27,,1,Mobile app
688,865,3,2020-09-07,2021-03-15,0,Physical shop
689,951,6,2021-01-10,,1,Physical shop
690,1321,14,2019-08-19,2019-10-19,0,Web site
691,763,1,2020-05-19,,1,Web site
692,1089,19,2019-04-04,2019-06-04,0,Web site
693,769,10,2021-02-27,2021-03-27,0,Physical shop
694,1268,1,2021-07-12,,1,Mobile app
695,288,1,2020-09-09,,1,Web site
696,1037,5,2021-06-26,,1,Call center
697,1002,8,2020-09-01,,1,Call center
698,365,13,2020-03-28,2020-05-28,0,Physical shop
699,276,3,2021-04-20,,1,Physical shop
700,636,1,2020-04-07,2020-06-03,0,Physical shop
701,787,7,2020-11-10,,1,Physical shop
702,736,9,2019-11-11,2019-12-11,0,Call center
703,1279,13,2021-01-31,,1,Web site
704,1247,4,2020-06-28,,1,Physical shop
705,459,9,2020-07-31,2020-09-30,0,Mobile app
706,728,6,2020-01-04,2020-01-08,0,Mobile app
707,1107,7,2021-09-11,,1,Physical shop
708,1393,2,2020-04-05,,1,Call center
709,998,15,2021-09-09,,1,Mobile app
710,1048,20,2021-07-08,2021-08-08,0,Physical shop
711,788,4,2020-03-22,,1,Mobile app
712,148,1,2020-01-20,2020-04-28,0,Physical shop
713,1396,15,2020-08-19,2020-10-19,0,Call center
714,136,15,2021-08-16,2021-09-16,0,Web site
715,251,20,2020-06-01,2020-08-01,0,Physical shop
716,691,2,2021-03-26,,1,Web site
717,472,4,2020-09-29,,1,Call center
718,1368,7,2021-02-25,,1,Call center
719,581,1,2021-08-15,,1,Physical shop
720,1208,3,2021-03-23,,1,Call center
721,126,5,2021-03-10,,1,Web site
722,380,6,2021-09-11,,1,Mobile app
723,741,8,2019-08-13,2019-09-13,0,Physical shop
724,621,12,2021-03-08,,1,Physical shop
725,627,6,2020-03-15,,1,Web site
726,84,13,2019-07-05,2019-09-05,0,Call center
727,43,4,2020-11-13,,1,Web site
728,1110,4,2020-08-14,,1,Web site
729,489,14,2020-05-09,2020-06-09,0,Web site
730,399,4,2020-08-27,,1,Web site
731,1106,7,2020-06-12,,1,Web site
732,407,2,2020-09-03,,1,Web site
733,142,4,2021-07-09,,1,Physical shop
734,862,11,2020-11-11,2020-12-11,0,Web site
735,124,7,2021-01-12,2021-05-17,0,Mobile app
736,1152,5,2020-01-01,,1,Physical shop
737,647,4,2021-03-08,,1,Web site
738,698,10,2020-10-10,2020-12-10,0,Physical shop
739,239,6,2021-04-14,,1,Physical shop
740,66,4,2020-07-04,,1,Call center
741,1219,5,2020-07-15,,1,Call center
742,276,12,2021-03-17,,1,Physical shop
743,491,6,2020-01-27,2020-01-27,0,Physical shop
744,361,7,2020-07-24,2020-07-29,0,Call center
745,1067,2,2021-01-04,2021-05-19,0,Call center
746,231,5,2021-10-12,,1,Physical shop
747,519,14,2020-04-06,,1,Call center
748,61,12,2018-07-13,2018-09-13,0,Physical shop
749,1231,6,2021-06-15,,1,Web site
750,861,2,2020-01-05,2020-01-27,0,Mobile app
751,398,4,2021-01-04,,1,Call center
752,843,5,2021-03-03,,1,Call center
753,916,17,2018-11-10,2019-01-10,0,Web site
754,1019,13,2020-03-01,,1,Web site
755,65,6,2021-08-08,,1,Call center
756,309,4,2020-02-20,2020-06-28,0,Web site
757,589,6,2021-10-03,,1,Mobile app
758,495,6,2021-03-23,,1,Physical shop
759,802,2,2021-03-19,,1,Physical shop
760,1345,6,2020-10-11,,1,Call center
761,891,18,2019-05-25,2019-06-25,0,Web site
762,243,2,2020-11-10,,1,Call center
763,261,12,2021-05-13,,1,Web site
764,658,7,2020-01-01,,1,Web site
765,461,3,2020-02-23,2020-04-07,0,Physical shop
766,784,1,2020-11-14,,1,Web site
767,6,5,2020-01-12,2020-02-18,0,Web site
768,574,7,2021-04-19,2021-05-30,0,Web site
769,936,7,2020-05-20,,1,Physical shop
770,1189,16,2021-06-05,2021-08-05,0,Physical shop
771,778,1,2021-06-11,,1,Call center
772,377,2,2020-01-09,2020-05-21,0,Web site
773,1073,15,2020-11-21,2020-12-21,0,Physical shop
774,1078,20,2021-03-01,2021-04-01,0,Physical shop
775,1325,7,2021-03-13,,1,Web site
776,39,20,2021-06-06,2021-08-06,0,Physical shop
777,525,7,2021-01-01,,1,Call center
778,252,6,2021-04-20,,1,Web site
779,613,6,2020-03-07,2020-10-30,0,Call center
780,490,12,2020-07-26,2020-08-26,0,Mobile app
781,123,2,2021-07-25,,1,Web site
782,1051,3,2020-04-15,2021-06-29,0,Web site
783,1010,11,2021-09-03,,1,Call center
784,1069,20,2020-05-26,2020-06-26,0,Physical shop
785,1198,7,2020-03-24,2020-05-14,0,Physical shop
786,160,4,2020-01-21,,1,Physical shop
787,1361,1,2020-04-17,2020-05-11,0,Physical shop
788,185,2,2020-05-06,2020-06-14,0,Physical shop
789,656,6,2021-01-08,,1,Web site
790,772,7,2021-09-25,,1,Web site
791,583,1,2020-10-25,,1,Web site
792,1030,7,2020-09-13,,1,Web site
793,498,4,2021-05-15,,1,Web site
794,117,11,2020-04-07,2020-06-07,0,Call center
795,197,4,2021-04-16,,1,Physical shop
796,1119,14,2019-10-28,2019-11-28,0,Call center
797,38,2,2020-04-30,,1,Physical shop
798,309,18,2021-06-20,2021-08-20,0,Web site
799,294,6,2020-09-29,,1,Web site
800,732,5,2020-03-12,2020-12-11,0,Physical shop
801,1394,4,2021-03-09,,1,Mobile app
802,753,13,2021-05-04,2021-06-04,0,Physical shop
803,560,6,2020-07-14,2021-07-28,0,Web site
804,1367,16,2021-06-16,2021-07-16,0,Web site
805,1335,15,2020-11-22,,1,Call center
806,42,5,2020-08-20,,1,Web site
807,411,3,2021-01-31,2021-03-07,0,Physical shop
808,808,10,2020-09-01,2020-11-01,0,Web site
809,580,7,2021-10-13,,1,Web site
810,822,4,2021-12-03,,1,Call center
811,136,1,2021-02-04,2021-02-21,0,Mobile app
812,424,15,2021-08-21,2021-09-21,0,Call center
813,1094,10,2020-04-21,,1,Call center
814,842,1,2020-02-27,,1,Call center
815,575,6,2020-05-12,2021-04-03,0,Web site
816,217,2,2020-01-13,,1,Physical shop
817,301,5,2020-01-14,2020-03-23,0,Web site
818,1318,13,2020-07-13,,1,Web site
819,188,7,2021-08-19,,1,Web site
820,1048,8,2021-04-13,2021-05-13,0,Web site
821,876,7,2020-03-03,,1,Physical shop
822,1166,1,2020-11-22,,1,Physical shop
823,307,7,2020-09-12,,1,Physical shop
824,1006,7,2021-04-13,,1,Physical shop
825,407,9,2020-06-14,2020-08-14,0,Web site
826,1121,12,2019-01-16,2019-03-16,0,Physical shop
827,960,9,2021-02-16,,1,Call center
828,996,4,2020-02-23,,1,Physical shop
829,769,19,2020-12-24,2021-01-24,0,Physical shop
830,16,4,2020-05-17,,1,Physical shop
831,588,4,2021-01-20,,1,Physical shop
832,959,2,2021-02-10,,1,Physical shop
833,444,11,2021-05-04,2021-06-04,0,Web site
834,828,6,2020-01-02,2020-01-28,0,Web site
835,887,13,2021-06-19,2021-07-19,0,Physical shop
836,1130,5,2020-04-11,,1,Physical shop
837,300,2,2020-01-14,2020-07-28,0,Physical shop
838,189,18,2020-01-28,2020-03-28,0,Physical shop
839,607,1,2020-01-09,2020-01-09,0,Physical shop
840,382,9,2020-01-06,,1,Mobile app
841,1071,3,2020-10-27,,1,Mobile app
842,638,17,2021-10-25,,1,Mobile app
843,757,2,2021-05-02,,1,Call center
844,599,4,2020-12-22,,1,Web site
845,907,4,2020-06-16,,1,Call center
846,1263,3,2020-04-26,,1,Web site
847,862,20,2021-05-11,,1,Mobile app
848,975,7,2020-04-15,,1,Mobile app
849,123,11,2020-08-12,2020-10-12,0,Mobile app
850,1076,3,2020-09-09,2020-12-13,0,Mobile app
851,1297,20,2020-12-12,2021-02-12,0,Physical shop
852,611,8,2021-05-14,,1,Physical shop
853,557,3,2020-01-02,,1,Web site
854,1148,15,2021-07-09,2021-09-09,0,Physical shop
855,698,5,2020-01-15,2020-01-18,0,Physical shop
856,163,7,2020-09-24,,1,Physical shop
857,77,6,2021-07-06,,1,Mobile app
858,387,5,2021-08-08,,1,Call center
859,1347,8,2020-07-02,2020-08-02,0,Web site
860,241,4,2020-05-27,,1,Physical shop
861,680,5,2020-09-29,,1,Call center
862,1057,7,2020-11-24,,1,Web site
863,725,3,2021-11-03,,1,Web site
864,1344,5,2021-09-10,,1,Physical shop
865,856,11,2021-08-01,,1,Mobile app
866,356,7,2020-01-29,2020-05-13,0,Physical shop
867,539,7,2020-01-27,,1,Web site
868,1367,4,2020-01-12,2020-09-14,0,Call center
869,1060,3,2021-12-30,,1,Physical shop
870,394,3,2020-10-07,,1,Call center
871,728,12,2020-02-21,2020-03-21,0,Physical shop
872,1327,17,2021-03-13,2021-05-13,0,Web site
873,1290,11,2020-09-07,2020-10-07,0,Mobile app
874,1263,9,2020-05-30,2020-07-30,0,Web site
875,1101,5,2021-03-20,,1,Call center
876,1230,5,2020-07-11,,1,Physical shop
877,229,6,2021-04-03,,1,Web site
878,1298,4,2020-01-23,,1,Physical shop
879,1054,7,2020-02-25,,1,Physical shop
880,403,7,2020-09-09,,1,Call center
881,1363,3,2020-09-09,,1,Web site
882,512,6,2020-07-22,,1,Call center
883,749,3,2020-02-18,,1,Call center
884,809,3,2020-02-10,2020-05-12,0,Web site
885,1067,3,2020-04-01,2020-06-26,0,Physical shop
886,847,3,2021-04-02,,1,Physical shop
887,802,7,2020-09-07,2020-11-19,0,Web site
888,906,5,2020-03-09,2020-03-16,0,Physical shop
889,225,5,2021-06-06,,1,Mobile app
890,397,5,2021-11-08,,1,Call center
891,778,16,2021-08-07,2021-10-07,0,Physical shop
892,583,5,2020-02-21,2020-06-24,0,Mobile app
893,772,11,2021-09-20,2021-11-20,0,Web site
894,298,13,2021-03-31,2021-04-30,0,Call center
895,1059,16,2020-01-12,2020-02-12,0,Web site
896,1196,7,2020-03-28,,1,Call center
897,995,7,2021-02-21,,1,Web site
898,34,5,2020-03-19,2020-05-26,0,Mobile app
899,53,7,2021-12-29,,1,Mobile app
900,63,15,2019-06-24,2019-07-24,0,Mobile app
901,1299,2,2020-01-28,,1,Call center
902,263,4,2020-02-16,,1,Physical shop
903,1079,4,2021-06-05,,1,Web site
904,1159,1,2020-03-01,,1,Web site
905,107,7,2020-05-19,2020-07-11,0,Mobile app
906,1340,1,2021-10-08,,1,Web site
907,370,5,2020-05-26,,1,Physical shop
908,1310,6,2020-11-05,,1,Mobile app
909,1159,10,2020-12-01,,1,Web site
910,905,12,2021-02-02,,1,Web site
911,861,15,2020-12-04,2021-02-04,0,Mobile app
912,518,3,2020-10-12,,1,Web site
913,839,4,2020-09-22,,1,Physical shop
914,565,7,2020-04-06,,1,Physical shop
915,27,6,2020-05-20,2020-07-01,0,Mobile app
916,34,12,2021-03-26,2021-04-26,0,Web site
917,96,5,2020-03-05,,1,Physical shop
918,909,2,2020-01-01,2020-01-20,0,Physical shop
919,1016,2,2021-04-21,,1,Call center
920,238,6,2020-05-09,,1,Physical shop
921,831,3,2020-08-08,,1,Physical shop
922,423,1,2021-10-19,,1,Web site
923,734,7,2020-01-29,,1,Physical shop
924,288,9,2020-04-03,2020-05-03,0,Web site
925,200,4,2020-08-08,,1,Physical shop
926,475,7,2021-03-19,,1,Web site
927,1224,7,2020-10-21,,1,Web site
928,429,6,2020-01-05,2020-11-08,0,Call center
929,1035,2,2020-02-17,,1,Mobile app
930,390,2,2021-09-06,,1,Call center
931,398,7,2020-04-25,2020-12-29,0,Call center
932,17,2,2020-08-09,,1,Web site
933,78,10,2021-05-21,,1,Physical shop
934,597,4,2021-02-27,,1,Web site
935,878,16,2020-10-22,,1,Call center
936,269,5,2021-03-04,,1,Mobile app
937,28,7,2020-05-31,,1,Web site
938,779,2,2020-02-03,,1,Physical shop
939,915,18,2020-10-24,,1,Mobile app
940,1330,2,2021-09-05,,1,Physical shop
941,128,14,2019-12-04,2020-02-04,0,Call center
942,553,6,2020-09-04,,1,Call center
943,978,9,2020-04-10,2020-05-10,0,Web site
944,646,7,2021-01-17,2021-07-24,0,Physical shop
945,640,1,2021-06-21,,1,Mobile app
946,482,6,2021-06-02,,1,Call center
947,428,1,2020-07-16,,1,Web site
948,1315,6,2020-06-17,,1,Physical shop
949,744,15,2021-09-20,2021-10-20,0,Physical shop
950,854,11,2021-02-20,2021-04-20,0,Physical shop
951,183,1,2021-03-18,,1,Physical shop
952,365,11,2021-05-05,2021-07-05,0,Physical shop
953,1071,11,2021-02-11,2021-03-11,0,Web site
954,469,6,2020-06-14,2020-08-17,0,Mobile app
955,1006,12,2021-09-17,2021-10-17,0,Physical shop
956,846,5,2020-01-17,2020-04-26,0,Call center
957,1277,6,2020-12-11,,1,Physical shop
958,345,1,2020-05-29,2021-01-21,0,Call center
959,473,1,2020-10-29,,1,Mobile app
960,791,7,2021-09-10,,1,Call center
961,187,12,2019-02-13,2019-04-13,0,Physical shop
962,287,10,2020-09-08,,1,Call center
963,375,2,2020-08-24,,1,Physical shop
964,1,2,2020-05-20,2020-05-27,0,Mobile app
965,84,12,2018-07-28,2018-09-28,0,Call center
966,1222,3,2020-09-04,2021-01-04,0,Call center
967,441,1,2020-12-21,,1,Web site
968,219,2,2021-11-08,,1,Web site
969,280,3,2020-06-29,,1,Physical shop
970,718,4,2020-05-11,2020-08-17,0,Physical shop
971,48,6,2020-07-02,,1,Physical shop
972,1236,16,2021-06-07,2021-08-07,0,Web site
973,465,3,2020-02-20,2020-10-26,0,Physical shop
974,1197,3,2020-09-05,2020-10-09,0,Physical shop
975,364,5,2021-09-24,,1,Physical shop
976,615,16,2019-02-03,2019-03-03,0,Mobile app
977,1087,6,2021-02-21,,1,Call center
978,99,2,2020-03-25,,1,Physical shop
979,653,5,2020-02-10,2020-04-13,0,Mobile app
980,852,12,2021-04-22,2021-06-22,0,Mobile app
981,1234,9,2020-07-31,2020-08-31,0,Web site
982,931,19,2021-06-18,,1,Mobile app
983,1385,5,2020-11-18,,1,Physical shop
984,1278,6,2020-03-09,2020-05-30,0,Physical shop
985,425,7,2020-04-20,2021-07-31,0,Call center
986,539,8,2021-08-30,2021-10-30,0,Web site
987,1010,9,2020-03-04,,1,Call center
988,576,7,2020-01-13,,1,Call center
989,628,1,2021-02-14,,1,Physical shop
990,1357,7,2020-12-12,,1,Mobile app
991,349,4,2020-02-02,,1,Call center
992,200,4,2020-03-10,2020-04-03,0,Physical shop
993,782,7,2020-02-12,2020-03-13,0,Web site
994,994,1,2020-02-05,2020-02-09,0,Physical shop
995,1060,17,2020-12-26,2021-02-26,0,Call center
996,1148,1,2020-02-04,2020-02-09,0,Call center
997,785,7,2020-03-19,,1,Call center
998,648,1,2020-01-16,,1,Physical shop
999,441,8,2020-09-20,2020-10-20,0,Web site
1000,1191,4,2020-05-23,,1,Physical shop
